RaceInfoid,RaceDate,RaceNo,RaceIndex,RaceGoing,RaceClass,RaceDistance,RaceRatingRange,RaceName,RacePrizeMoney,RaceTrack,RaceCourse,RaceSect1,RaceSect2,RaceSect3,RaceSect4,RaceSect5,RaceSect6,RaceUrComm
25000,2019-09-01,1,1,好地,第五班,1600,40-0,畢拿山讓賽,"HK$ 725,000",草地,B,,,24.8,23.35,23.68,23.65,
25001,2019-09-01,2,2,好地,第五班,1200,40-0,柏架山讓賽,"HK$ 725,000",草地,B,,,,23.57,23.03,23.39,
25002,2019-09-01,3,3,好地,第一班,1200,90+,香港特區行政長官盃（讓賽）,"HK$ 2,800,000",草地,B,,,,24.37,22.25,22.12,
25003,2019-09-01,4,4,好地,第四班,1200,60-40,馬鞍山讓賽,"HK$ 967,000",草地,B,,,,23.81,22.53,23.08,
25004,2019-09-01,5,5,好地,第四班,1400,60-40,飛鵝山讓賽,"HK$ 967,000",草地,B,,,13.76,21.98,22.65,23.66,
25005,2019-09-01,6,6,好地,第四班,1000,60-40,二東山讓賽,"HK$ 967,000",草地,B,,,,13.32,20.64,23.78,
25006,2019-09-01,7,7,好地,第三班,1200,80-60,大東山讓賽,"HK$ 1,450,000",草地,B,,,,23.79,22.01,22.67,
25007,2019-09-01,8,8,好地,第二班,1400,100-80,大帽山讓賽,"HK$ 2,100,000",草地,B,,,13.48,21.58,22.82,23.46,
25008,2019-09-01,9,9,好地,第三班,1000,80-60,鳳凰山讓賽,"HK$ 1,450,000",草地,B,,,,13.35,20.53,23.03,
25009,2019-09-01,10,10,好地,第三班,1400,80-60,蓮花山讓賽,"HK$ 1,450,000",草地,B,,,13.48,21.65,23.21,23.26,
25010,2019-09-08,1,11,好地,第五班,1200,40-0,般咸讓賽,"HK$ 725,000",全天候跑道,,,,23.98,22.6,22.94,23.26,
25011,2019-09-08,2,12,好地,第四班,1600,60-40,堅道讓賽,"HK$ 967,000",草地,C,,,25.29,23.73,23.26,22.31,
25012,2019-09-08,3,13,好地至快地,第五班,1400,40-0,荷李活讓賽,"HK$ 725,000",草地,C,,,13.54,21.7,23.42,23.27,
25013,2019-09-08,4,14,好地至快地,第四班,1200,60-40,東華三院挑戰盃（讓賽）,"HK$ 967,000",草地,C,,,,24.12,22.26,22.43,
25014,2019-09-08,5,15,好地,第四班,1200,60-40,新街讓賽,"HK$ 967,000",全天候跑道,,,,,23.7,22.92,22.85,
25015,2019-09-08,6,16,好地至快地,第四班,1400,60-40,普慶讓賽,"HK$ 967,000",草地,C,,,13.62,21.2,23.38,23.19,
25016,2019-09-08,7,17,好地至快地,第三班,1200,80-60,普義讓賽,"HK$ 1,450,000",草地,C,,,,23.81,22.28,22.51,
25017,2019-09-08,8,18,好地,第二班,1200,100-80,普仁讓賽,"HK$ 2,100,000",全天候跑道,,,,,23.26,22,22.87,
25018,2019-09-08,9,19,好地,第三班,1200,80-60,西摩讓賽,"HK$ 1,450,000",全天候跑道,,,,,23.39,21.61,23.1,
25019,2019-09-08,10,20,好地至快地,第三班,1400,80-60,太平山讓賽,"HK$ 1,450,000",草地,C,,,13.46,21.7,23.46,22.57,
25020,2019-09-11,1,21,好地,第四班,1650,60-40,石澳讓賽,"HK$ 967,000",草地,B,,,28.07,24.01,24.31,23.69,
25021,2019-09-11,2,22,好地,第五班,1000,40-0,南灣讓賽,"HK$ 725,000",草地,B,,,,12.82,21.73,23.24,
25022,2019-09-11,3,23,好地,第五班,1650,40-0,赤柱讓賽,"HK$ 725,000",草地,B,,,28.66,24.79,24.74,23.59,
25023,2019-09-11,4,24,好地,第二班,1650,105-80,大浪灣讓賽,"HK$ 2,100,000",草地,B,,,27.6,23.1,23.84,24.04,
25024,2019-09-11,5,25,好地,第四班,1000,60-40,中灣讓賽,"HK$ 967,000",草地,B,,,,12.53,21.68,23.22,
25025,2019-09-11,6,26,好地,第四班,1200,60-40,淺水灣讓賽,"HK$ 967,000",草地,B,,,,23.79,22.78,23.72,
25026,2019-09-11,7,27,好地,第三班,1650,80-60,深水灣讓賽,"HK$ 1,450,000",草地,B,,,28.27,24.6,23.82,23.75,
25027,2019-09-11,8,28,好地,第三班,1200,80-60,舂坎角讓賽,"HK$ 1,450,000",草地,B,,,,23.71,23.42,23.02,
25028,2019-09-15,1,29,好地至快地,第四班,1800,60-40,畫眉讓賽,"HK$ 967,000",草地,C+3,,14.07,22.45,23.85,23.49,22.68,
25029,2019-09-15,2,30,好地,第四班,1650,60-40,雲雀讓賽,"HK$ 967,000",全天候跑道,,,,28.95,23.71,23.68,22.98,
25030,2019-09-15,3,31,好地至快地,第五班,1600,40-0,喜鵲讓賽,"HK$ 725,000",草地,C+3,,,25.07,22.79,23.42,23.24,
25031,2019-09-15,4,32,好地至快地,第五班,1400,40-0,伯勞讓賽,"HK$ 725,000",草地,C+3,,,13.62,22.73,23.84,22.91,
25032,2019-09-15,5,33,好地至快地,第三班,1200,80-60,花旗盃（讓賽）,"HK$ 1,450,000",草地,C+3,,,,23.65,22.11,22.77,
25033,2019-09-15,6,34,好地至快地,第四班,1200,60-40,太陽鳥讓賽,"HK$ 967,000",草地,C+3,,,,23.93,22.68,22.69,
25034,2019-09-15,7,35,好地至快地,第四班,1400,60-40,中華游樂會挑戰盃（讓賽）,"HK$ 967,000",草地,C+3,,,13.35,21.22,23.12,23.46,
25035,2019-09-15,8,36,好地,第三班,1650,85-60,燕子讓賽,"HK$ 1,450,000",全天候跑道,,,,27.85,23.81,24.56,22.37,
25036,2019-09-15,9,37,好地至快地,第二班,1200,100-80,縫葉鶯讓賽,"HK$ 2,100,000",草地,C+3,,,,23.76,21.76,22.67,
25037,2019-09-15,10,38,好地至快地,第三班,1400,80-60,啄木鳥讓賽,"HK$ 1,450,000",草地,C+3,,,13.57,22.23,23.03,22.37,
25038,2019-09-21,1,39,好地,第五班,1200,40-0,洪水橋讓賽,"HK$ 725,000",全天候跑道,,,,23.77,22.42,23.98,22.37,
25039,2019-09-21,2,40,好地至快地,第四班,1000,60-40,錦田讓賽,"HK$ 967,000",草地,A,,,,13.31,20.65,22.85,
25040,2019-09-21,3,41,好地至快地,第四班,1400,60-40,藍地讓賽,"HK$ 967,000",草地,A,,,13.4,21.65,23.09,23.4,
25041,2019-09-21,4,42,好地,第四班,1200,60-40,流浮山讓賽,"HK$ 967,000",全天候跑道,,,,,23.32,21.89,24.13,
25042,2019-09-21,5,43,好地至快地,第四班,1400,60-40,藍地讓賽,"HK$ 967,000",草地,A,,,13.32,21.2,23.07,23.97,
25043,2019-09-21,6,44,好地至快地,第三班,1000,80-60,南生圍讓賽,"HK$ 1,450,000",草地,A,,,,13.1,20.66,22.77,
25044,2019-09-21,7,45,好地至快地,第二班,1600,100-80,博愛百週年紀念盃（讓賽）,"HK$ 2,100,000",草地,A,,,26.13,23.31,23.26,22.32,
25045,2019-09-21,8,46,好地至快地,第三班,1600,80-60,大棠讓賽,"HK$ 1,450,000",草地,A,,,24.04,22.67,23.09,23.51,
25046,2019-09-21,9,47,好地,第三班,1200,80-60,天水圍讓賽,"HK$ 1,450,000",全天候跑道,,,,,23.32,21.97,23.49,
25047,2019-09-21,10,48,好地至快地,第三班,1400,80-60,元朗讓賽,"HK$ 1,450,000",草地,A,,,13.49,21.5,23.04,23.24,
25048,2019-09-25,1,49,好地至快地,第二班,1800,100-80,香葉讓賽,"HK$ 2,100,000",草地,A,,13.93,22.65,24.48,24.12,23.16,
25049,2019-09-25,2,50,好地至快地,第五班,1200,40-0,香島讓賽,"HK$ 725,000",草地,A,,,,23.87,22.51,23.91,
25050,2019-09-25,3,51,好地至快地,第四班,1200,60-40,黃竹坑讓賽,"HK$ 967,000",草地,A,,,,23.67,22.68,23.36,
25051,2019-09-25,4,52,好地至快地,第四班,1800,60-40,南風讓賽,"HK$ 967,000",草地,A,,13.51,22.65,25.93,23.9,23.9,
25052,2019-09-25,5,53,好地至快地,第四班,1200,60-40,香港鄉村俱樂部挑戰盃（讓賽）,"HK$ 967,000",草地,A,,,,23.59,22.95,23.78,
25053,2019-09-25,6,54,好地至快地,第三班,1000,80-60,深灣讓賽,"HK$ 1,450,000",草地,A,,,,12.61,21.4,23.43,
25054,2019-09-25,7,55,好地至快地,第三班,1200,80-60,公益金盃（讓賽）,"HK$ 1,450,000",草地,A,,,,23.57,23.01,23.54,
25055,2019-09-25,8,56,好地至快地,第三班,1650,80-60,大樹灣讓賽,"HK$ 1,450,000",草地,A,,,27.61,24.23,24.06,23.76,
25056,2019-09-25,9,57,好地至快地,第三班,1200,80-60,業發讓賽,"HK$ 1,450,000",草地,A,,,,23.63,22.93,23.08,
25057,2019-10-01,1,58,好地至快地,第四班,1200,60-40,成都讓賽,"HK$ 967,000",草地,A+3,,,,24.12,22.37,22.63,
25058,2019-10-01,2,59,好地至快地,第四班,1200,60-40,成都讓賽,"HK$ 967,000",草地,A+3,,,,23.51,22.73,22.61,
25059,2019-10-01,3,60,好地至快地,國際三級賽,1000,,國慶盃（讓賽）,"HK$ 3,250,000",草地,A+3,,,,13.28,20.55,21.33,
25060,2019-10-01,4,61,好地至快地,第四班,1600,60-40,濟南讓賽,"HK$ 967,000",草地,A+3,,,24.73,22.87,23.28,23.23,
25061,2019-10-01,5,62,好地至快地,第四班,1400,60-40,南寧讓賽,"HK$ 967,000",草地,A+3,,,13.73,22.29,22.9,22.6,
25062,2019-10-01,6,63,好地至快地,第三班,1800,80-60,重慶讓賽,"HK$ 1,450,000",草地,A+3,,13.88,22.14,23.76,23.98,22.99,
25063,2019-10-01,7,64,好地至快地,國際三級賽,1400,,慶典盃（讓賽）,"HK$ 3,250,000",草地,A+3,,,13.65,22.12,22.37,21.91,
25064,2019-10-01,8,65,好地至快地,第三班,1200,80-60,上海讓賽,"HK$ 1,450,000",草地,A+3,,,,23.71,22.36,22.27,
25065,2019-10-01,9,66,好地至快地,第三班,1400,80-60,天津讓賽,"HK$ 1,450,000",草地,A+3,,,13.48,22.04,22.86,22.94,
25066,2019-10-01,10,67,好地至快地,第二班,1200,100-80,北京讓賽,"HK$ 2,100,000",草地,A+3,,,,23.62,22.48,22.29,
25067,2019-10-06,1,68,好地,第五班,1800,40-0,卑路乍灣讓賽,"HK$ 725,000",草地,B+2,,13.99,23.09,24.37,23.21,23.55,
25068,2019-10-06,2,69,好地,第四班,1800,60-40,中環讓賽,"HK$ 967,000",草地,B+2,,14.29,22.92,24.29,22.81,23.07,
25069,2019-10-06,3,70,濕慢地,第五班,1650,40-0,西高山讓賽,"HK$ 725,000",全天候跑道,,,,28.16,23.15,24.29,25.01,
25070,2019-10-06,4,71,好地,第四班,1200,60-40,堅尼地城讓賽,"HK$ 967,000",草地,B+2,,,,23.84,22.7,23.55,
25071,2019-10-06,5,72,好地,第四班,1400,60-40,龍虎山讓賽,"HK$ 967,000",草地,B+2,,,13.4,21.84,23.29,24.2,
25072,2019-10-06,6,73,濕慢地,第四班,1650,60-40,摩星嶺讓賽,"HK$ 967,000",全天候跑道,,,,28.58,22.92,24.34,24.38,
25073,2019-10-06,7,74,濕慢地,第三班,1650,80-60,國際青年商會香港總會參議會盃（讓賽）,"HK$ 1,450,000",全天候跑道,,,,28.42,22.98,23.84,24.1,
25074,2019-10-06,8,75,好地至黏地,第三班,1400,80-60,西營盤讓賽,"HK$ 1,450,000",草地,B+2,,,13.76,21.42,23.56,23.24,
25075,2019-10-06,9,76,好地至黏地,第三班,1200,80-60,石塘咀讓賽,"HK$ 1,450,000",草地,B+2,,,,23.82,22.65,22.93,
25076,2019-10-06,10,77,好地至黏地,第二班,1400,100-80,上環讓賽,"HK$ 2,100,000",草地,B+2,,,13.53,21.83,22.75,22.95,
25077,2019-10-09,1,78,好地,第五班,1200,40-0,新潟讓賽,"HK$ 725,000",草地,B,,,,24.04,22.76,23.71,
25078,2019-10-09,2,79,好地,第四班,1650,60-40,阪神讓賽,"HK$ 967,000",草地,B,,,27.55,23.85,24.35,24.01,
25079,2019-10-09,3,80,好地,第四班,1200,60-40,中山讓賽,"HK$ 967,000",草地,B,,,,24.04,22.7,23.24,
25080,2019-10-09,4,81,好地,第四班,1200,60-40,中山讓賽,"HK$ 967,000",草地,B,,,,24.04,22.68,23.25,
25081,2019-10-09,5,82,好地,第四班,1650,60-40,阪神讓賽,"HK$ 967,000",草地,B,,,28.08,24.02,24.45,24.17,
25082,2019-10-09,6,83,好地,第四班,1200,60-40,中山讓賽,"HK$ 967,000",草地,B,,,,23.87,23.56,23.38,
25083,2019-10-09,7,84,好地,第二班,1650,100-80,日本中央競馬會錦標（讓賽）,"HK$ 2,100,000",草地,B,,,27.69,24.54,23.4,23.77,
25084,2019-10-09,8,85,好地,第三班,1200,80-60,東京讓賽,"HK$ 1,450,000",草地,B,,,,23.46,23.18,23.48,
25085,2019-10-09,9,86,好地,第三班,1000,80-60,京都讓賽,"HK$ 1,450,000",草地,B,,,,12.73,21.42,22.95,
25086,2019-10-12,1,87,好地至快地,第五班,1600,40-0,眾安讓賽,"HK$ 725,000",草地,C,,,24.6,22.9,23.74,23.34,
25087,2019-10-12,2,88,好地至快地,第四班,1000,60-40,海壩讓賽,"HK$ 967,000",草地,C,,,,13.42,20.67,21.96,
25088,2019-10-12,3,89,好地,第三班,1200,80-60,沙咀讓賽,"HK$ 1,450,000",全天候跑道,,,,,23.4,21.84,23.25,
25089,2019-10-12,4,90,好地至快地,第四班,1400,60-40,德華讓賽,"HK$ 967,000",草地,C,,,13.93,21.98,23.7,22.27,
25090,2019-10-12,5,91,好地至快地,第四班,1400,60-40,仁濟盃（讓賽）,"HK$ 967,000",草地,C,,,13.57,21.33,23.13,23.09,
25091,2019-10-12,6,92,好地,第四班,1200,60-40,大河讓賽,"HK$ 967,000",全天候跑道,,,,,23.46,22.5,23.13,
25092,2019-10-12,7,93,好地至快地,第二班,1800,105-80,荃富讓賽,"HK$ 2,100,000",草地,C,,14.1,21.56,23.93,23.67,22.72,
25093,2019-10-12,8,94,好地至快地,第三班,1600,80-60,荃樂讓賽,"HK$ 1,450,000",草地,C,,,25.24,23.24,22.92,22.47,
25094,2019-10-12,9,95,好地至快地,第二班,1000,100-80,禾笛讓賽,"HK$ 2,100,000",草地,C,,,,13,20.02,21.67,
25095,2019-10-12,10,96,好地至快地,第三班,1400,80-60,楊屋讓賽,"HK$ 1,450,000",草地,C,,,13.53,22.43,23.42,22.03,
25096,2019-10-16,1,97,好地,第五班,1800,40-0,金山讓賽,"HK$ 725,000",草地,C,,13.57,23.09,24.77,24.59,24.3,
25097,2019-10-16,2,98,好地,第四班,1000,60-40,船灣讓賽,"HK$ 967,000",草地,C,,,,12.64,21.45,23.09,
25098,2019-10-16,3,99,好地,第四班,1650,60-40,石梨貝讓賽,"HK$ 967,000",草地,C,,,28.13,24.45,24.43,23.27,
25099,2019-10-16,4,100,好地,第四班,1800,60-40,石壁讓賽,"HK$ 967,000",草地,C,,13.81,22.59,23.6,24.8,24.25,
25100,2019-10-16,5,101,好地,第三班,1800,80-60,美國會所挑戰盃（讓賽）,"HK$ 1,450,000",草地,C,,13.79,23.53,24.71,23.96,23.47,
25101,2019-10-16,6,102,好地,第四班,1200,60-40,大欖涌讓賽,"HK$ 967,000",草地,C,,,,23.76,22.79,23.55,
25102,2019-10-16,7,103,好地,第三班,1200,80-60,大潭讓賽,"HK$ 1,450,000",草地,C,,,,23.82,22.95,22.79,
25103,2019-10-16,8,104,好地,第三班,1650,80-60,萬宜讓賽,"HK$ 1,450,000",草地,C,,,28.53,23.26,24.91,23.17,
25104,2019-10-20,1,105,好地,第五班,1400,40-0,PIAGET卓越讓賽,"HK$ 725,000",草地,A,,,13.51,21.7,23.68,22.98,
25105,2019-10-20,2,106,好地至快地,第四班,1200,60-40,CORUM卓越讓賽,"HK$ 967,000",草地,A,,,,23.84,22.17,22.45,
25106,2019-10-20,3,107,好地至快地,國際二級賽,1200,,精英碗（讓賽）,"HK$ 4,250,000",草地,A,,,,24.63,22.46,21.74,
25107,2019-10-20,4,108,好地至快地,第三班,1000,80-60,FRANCK MULLER卓越讓賽,"HK$ 1,450,000",草地,A,,,,12.95,20.42,22.1,
25108,2019-10-20,5,109,好地至快地,第四班,1600,60-40,PARMIGIANI FLEURIER卓越讓賽,"HK$ 967,000",草地,A,,,24.23,22.81,24.2,23.14,
25109,2019-10-20,6,110,好地至快地,第四班,1400,60-40,H. MOSER & CIE.卓越讓賽,"HK$ 967,000",草地,A,,,13.26,21.48,24.01,22.92,
25110,2019-10-20,7,111,好地至快地,第三班,1200,80-60,GRAND SEIKO卓越讓賽,"HK$ 1,450,000",草地,A,,,,24.18,22.39,22.24,
25111,2019-10-20,8,112,好地至快地,國際二級賽,1600,,東方表行沙田錦標（讓賽）,"HK$ 4,250,000",草地,A,,,24.54,23.45,22.87,21.96,
25112,2019-10-20,9,113,好地至快地,第二班,1400,105-80,IWC卓越讓賽,"HK$ 2,100,000",草地,A,,,13.54,21.83,22.75,22.17,
25113,2019-10-20,10,114,好地至快地,第三班,1400,80-60,GIRARD-PERREGAUX卓越讓賽,"HK$ 1,450,000",草地,A,,,13.21,21.58,23.18,22.65,
25114,2019-10-23,1,115,好地至快地,第五班,1650,40-0,歐洲之星讓賽,"HK$ 725,000",草地,C+3,,,27.96,23.79,24.59,23.34,
25115,2019-10-23,2,116,好地至快地,第五班,1000,40-0,至尊駿爵讓賽,"HK$ 725,000",草地,C+3,,,,12.89,21.76,22.83,
25116,2019-10-23,3,117,好地至快地,第四班,1650,60-40,勁飛翔讓賽,"HK$ 967,000",草地,C+3,,,28.3,24.77,24.34,23.42,
25117,2019-10-23,4,118,好地至快地,第二班,1650,100-80,綠色有運讓賽,"HK$ 2,100,000",草地,C+3,,,29.73,23.87,23.67,22.33,
25118,2019-10-23,5,119,好地至快地,第四班,1200,60-40,威威之星讓賽,"HK$ 967,000",草地,C+3,,,,23.34,23.01,23.68,
25119,2019-10-23,6,120,好地至快地,第四班,1200,60-40,浪琴表錦標（讓賽）,"HK$ 967,000",草地,C+3,,,,23.81,22.79,23.07,
25120,2019-10-23,7,121,好地至快地,第三班,1650,80-60,大贏家讓賽,"HK$ 1,450,000",草地,C+3,,,27.74,23.54,24.82,23.48,
25121,2019-10-23,8,122,好地至快地,第三班,1200,80-60,極速駿馬讓賽,"HK$ 1,450,000",草地,C+3,,,,24.21,22.62,22.89,
25122,2019-10-23,9,123,好地至快地,第二班,1200,100-80,天下為攻讓賽,"HK$ 2,100,000",草地,C+3,,,,22.95,22.75,23.55,
25123,2019-10-27,1,124,好地,第五班,1200,40-0,東莞讓賽,"HK$ 725,000",全天候跑道,,,,,23.81,22.12,23.97,
25124,2019-10-27,2,125,好地,第四班,1800,60-40,佛山讓賽,"HK$ 967,000",全天候跑道,,,13.95,23.67,24.27,23.81,23.95,
25125,2019-10-27,3,126,好地,第五班,1650,40-0,惠州讓賽,"HK$ 725,000",全天候跑道,,,,28.38,22.96,23.79,25.11,
25126,2019-10-27,4,127,好地,第二班,1650,100-80,廣東讓賽盃（讓賽）,"HK$ 2,100,000",全天候跑道,,,,28.27,23.57,23.29,23.39,
25127,2019-10-27,5,128,好地,第四班,1200,60-40,深圳讓賽,"HK$ 967,000",全天候跑道,,,,,23.26,22.25,24.04,
25128,2019-10-27,6,129,好地,第四班,1200,60-40,深圳讓賽,"HK$ 967,000",全天候跑道,,,,,23.68,22.61,23.36,
25129,2019-10-27,7,130,好地,第三班,1200,80-60,廣州讓賽,"HK$ 1,450,000",全天候跑道,,,,,23.45,22.82,23.03,
25130,2019-10-27,8,131,好地,第三班,1650,80-60,珠海讓賽,"HK$ 1,450,000",全天候跑道,,,,28.14,22.9,23.76,24.2,
25131,2019-10-27,9,132,好地,第三班,1200,80-60,廣州讓賽,"HK$ 1,450,000",全天候跑道,,,,,23.26,22.67,23.24,
25132,2019-10-30,1,133,好地,第五班,2200,40-0,畫眉山讓賽,"HK$ 725,000",草地,A,14.21,24.51,26.57,26.43,23.79,23.64,
25133,2019-10-30,2,134,好地,第四班,1000,60-40,田下山讓賽,"HK$ 967,000",草地,A,,,,12.43,21.42,23.03,
25134,2019-10-30,3,135,好地,第四班,1650,60-40,尖尾峰讓賽,"HK$ 967,000",草地,A,,,28.64,25.58,23.98,23.27,
25135,2019-10-30,4,136,好地,第四班,1650,60-40,尖尾峰讓賽,"HK$ 967,000",草地,A,,,28.25,25.3,23.79,23.71,
25136,2019-10-30,5,137,好地,第四班,1200,60-40,釣魚翁讓賽,"HK$ 967,000",草地,A,,,,23.96,22.85,23.53,
25137,2019-10-30,6,138,好地,第三班,1200,80-60,尖風山讓賽,"HK$ 1,450,000",草地,A,,,,24.09,23.04,23.26,
25138,2019-10-30,7,139,好地,第三班,1650,80-60,大金鐘讓賽,"HK$ 1,450,000",草地,A,,,27.19,23.79,24.73,24.12,
25139,2019-10-30,8,140,好地,第三班,1800,85-60,石屋山讓賽,"HK$ 1,450,000",草地,A,,13.29,22.96,24.55,23.96,24.07,
25140,2019-11-03,1,141,好地至快地,第五班,1200,40-0,LOREAL PARIS讓賽,"HK$ 725,000",草地,C+3,,24.21,22.98,22.61,23.96,24.07,
25141,2019-11-03,2,142,好地至快地,第四班,1000,60-40,KATE TOKYO讓賽,"HK$ 967,000",草地,C+3,,,,13.03,20.5,22.79,
25142,2019-11-03,3,143,好地至快地,第四班,1200,60-40,KOSE COSMEPORT讓賽,"HK$ 967,000",草地,C+3,,,,23.51,22.5,23.1,
25143,2019-11-03,4,144,好地至快地,第三班,1200,80-60,CANMAKE TOKYO讓賽,"HK$ 1,450,000",草地,C+3,,,,23.77,21.89,22.99,
25144,2019-11-03,5,145,好地至快地,第四班,1400,60-40,SUISSE PROGRAMME讓賽,"HK$ 967,000",草地,C+3,,,13.31,21.47,23,23.3,
25145,2019-11-03,6,146,好地至快地,第二班,1200,105-80,REVLON讓賽,"HK$ 2,100,000",草地,C+3,,,,23.34,22.06,22.49,
25146,2019-11-03,7,147,好地至快地,國際三級賽,1800,,莎莎婦女銀袋（讓賽）,"HK$ 3,250,000",草地,C+3,,13.68,22.2,23.71,22.6,23.06,
25147,2019-11-03,8,148,好地至快地,第三班,1400,80-60,AHAVA讓賽,"HK$ 1,450,000",草地,C+3,,,13.35,21.67,22.87,23.27,
25148,2019-11-03,9,149,好地至快地,第三班,1600,80-60,瑞斯美讓賽,"HK$ 1,450,000",草地,C+3,,,24.26,22.57,23.42,23.05,
25149,2019-11-03,10,150,好地至快地,第二班,1600,95-75,ELEANOR讓賽,"HK$ 2,100,000",草地,C+3,,,24.43,22.47,23.56,22.82,
25150,2019-11-06,1,151,好地,第四班,1200,60-40,港灣讓賽,"HK$ 967,000",草地,B,,,23.49,22.29,23.47,22.82,
25151,2019-11-06,2,152,好地,第五班,1650,40-0,菲林明讓賽,"HK$ 725,000",草地,B,,,27.58,23.31,24.79,24.64,
25152,2019-11-06,3,153,好地,第四班,1200,60-40,港灣讓賽,"HK$ 967,000",草地,B,,,,23.63,22.75,23.74,
25153,2019-11-06,4,154,好地,第四班,1650,60-40,LAWASIA盃（讓賽）,"HK$ 967,000",草地,B,,,28.05,25.01,23.76,23.76,
25154,2019-11-06,5,155,好地,第四班,1800,60-40,告士打讓賽,"HK$ 967,000",草地,B,,13.71,22.54,23.63,24.59,24.73,
25155,2019-11-06,6,156,好地,第四班,1200,60-40,港灣讓賽,"HK$ 967,000",草地,B,,,,23.82,23.12,23.2,
25156,2019-11-06,7,157,好地,第三班,1650,80-60,謝斐讓賽,"HK$ 1,450,000",草地,B,,,28.07,24.43,23.79,23.59,
25157,2019-11-06,8,158,好地,第三班,1000,80-60,駱克讓賽,"HK$ 1,450,000",草地,B,,,,12.65,21.5,22.81,
25158,2019-11-06,9,159,好地,第三班,1200,80-60,柯布連讓賽,"HK$ 1,450,000",草地,B,,,,23.67,22.92,23.23,
25159,2019-11-09,1,160,好地,第四班（條件限制）,1200,60-40,PANASHOP讓賽,"HK$ 967,000",草地,A,,,,23.73,22.9,22.23,
25160,2019-11-09,2,161,好地至快地,第五班,1800,40-0,PANASONIC蒸氣焗爐讓賽,"HK$ 725,000",草地,A,,13.67,21.78,24.6,24.31,23.6,
25161,2019-11-09,3,162,好地至快地,第四班,1400,60-40,PANASONIC 4K電視讓賽,"HK$ 967,000",草地,A,,,13.63,21.3,23.38,23.19,
25162,2019-11-09,4,163,好地,第四班,1650,60-40,PANASONIC礦物納米離子風筒讓賽,"HK$ 967,000",全天候跑道,,,,28.05,23.12,24.46,24.11,
25163,2019-11-09,5,164,好地至快地,第三班,1000,80-60,PANASONIC JUSTFIT浴室寶讓賽,"HK$ 1,450,000",草地,A,,,,13.07,20.89,22.62,
25164,2019-11-09,6,165,好地,第三班,1650,80-60,PANASONIC MOMI MOMI專業按摩椅讓賽,"HK$ 1,450,000",全天候跑道,,,,28.45,23.42,23.68,23.86,
25165,2019-11-09,7,166,好地至快地,第一班,1400,110-85,樂聲盃（讓賽）,"HK$ 2,800,000",草地,A,,,13.43,20.95,22.48,23.06,
25166,2019-11-09,8,167,好地至快地,第四班,1600,60-40,PANASONIC R32雪種空調機讓賽,"HK$ 967,000",草地,A,,,24.51,23.46,23.74,22.76,
25167,2019-11-09,9,168,好地至快地,第三班,2000,80-60,PANASONIC IH電磁爐讓賽,"HK$ 1,450,000",草地,A,,25.34,23.76,24.52,23.56,23.31,
25168,2019-11-09,10,169,好地至快地,第三班,1400,80-60,PANASONIC日本廚櫃讓賽,"HK$ 1,450,000",草地,A,,,13.28,21.59,23.52,22.97,
25169,2019-11-17,1,170,好地,第四班,1200,60-40,摩士公園讓賽,"HK$ 967,000",草地,B,,,24.24,22.89,22.5,22.97,
25170,2019-11-17,2,171,好地,第四班,2000,60-40,沙田公園讓賽,"HK$ 967,000",草地,B,,26.57,25.76,24.01,24.07,22.94,
25171,2019-11-17,3,172,好地,第三班,1200,80-60,香港公園讓賽,"HK$ 1,450,000",草地,B,,,,23.21,22.29,23.29,
25172,2019-11-17,4,173,好地,第四班,1400,60-40,九龍仔公園讓賽,"HK$ 967,000",草地,B,,,13.76,22.15,23.4,22.75,
25173,2019-11-17,5,174,好地,第三班,1400,80-60,九龍公園讓賽,"HK$ 1,450,000",草地,B,,,13.56,21.56,22.78,23.47,
25174,2019-11-17,6,175,好地至快地,國際二級賽,1600,,馬會一哩錦標,"HK$ 4,250,000",草地,B,,,24.18,23.1,23.1,22.51,
25175,2019-11-17,7,176,好地至快地,國際二級賽,2000,,馬會盃,"HK$ 4,250,000",草地,B,,25.01,24.12,24.8,23.01,22.83,
25176,2019-11-17,8,177,好地至快地,國際二級賽,1200,,馬會短途錦標,"HK$ 4,250,000",草地,B,,,,23.28,22.01,22.29,
25177,2019-11-17,9,178,好地至快地,第二班,1200,100-80,彭福公園讓賽,"HK$ 2,100,000",草地,B,,,,23.53,22.36,22.67,
25178,2019-11-17,10,179,好地至快地,第二班,1800,100-80,維多利亞公園讓賽,"HK$ 2,100,000",草地,B,,13.71,21.56,24.45,24.59,22.91,
25179,2019-11-20,1,180,好地至快地,第五班,1650,40-0,秋英讓賽,"HK$ 725,000",草地,C+3,,28.25,24.4,24.1,23.68,22.91,
25180,2019-11-20,2,181,好地至快地,第四班,1200,60-40,蒲公英讓賽,"HK$ 967,000",草地,C+3,,,,24.04,22.78,22.97,
25181,2019-11-20,3,182,好地至快地,第四班,1200,60-40,蒲公英讓賽,"HK$ 967,000",草地,C+3,,,,23.46,22.7,22.76,
25182,2019-11-20,4,183,好地至快地,第四班,1650,60-40,芙蓉讓賽,"HK$ 967,000",草地,C+3,,,27.96,23.98,24.12,23.57,
25183,2019-11-20,5,184,好地至快地,第四班,1650,60-40,芙蓉讓賽,"HK$ 967,000",草地,C+3,,,28.64,24.4,24.31,22.97,
25184,2019-11-20,6,185,好地至快地,第三班,1200,80-60,澳洲賽馬會錦標（讓賽）,"HK$ 1,450,000",草地,C+3,,,,23.93,22.56,23.11,
25185,2019-11-20,7,186,好地至快地,第二班,1000,100-80,繡球花讓賽,"HK$ 2,100,000",草地,C+3,,,,12.45,21.22,22.58,
25186,2019-11-20,8,187,好地至快地,第三班,1650,80-60,洛神花讓賽,"HK$ 1,450,000",草地,C+3,,,27.94,23.42,24.46,23.4,
25187,2019-11-20,9,188,好地至快地,第三班,1200,80-60,帝王花讓賽,"HK$ 1,450,000",草地,C+3,,,,23.42,22.43,23.4,
25188,2019-11-23,1,189,好地,第四班,1200,60-40,其士鋁工程讓賽,"HK$ 967,000",草地,C,,,,23.81,22.4,22.89,
25189,2019-11-23,2,190,好地至快地,第五班,1400,40-0,其士汽車代理讓賽,"HK$ 725,000",草地,C,,,13.67,21.93,22.78,23.55,
25190,2019-11-23,3,191,好地至快地,第四班,1000,60-40,其士建築讓賽,"HK$ 967,000",草地,C,,,,12.96,20.7,22.35,
25191,2019-11-23,4,192,好地至快地,第四班,1600,60-40,其士機電工程讓賽,"HK$ 967,000",草地,C,,,24.91,22.6,23.6,23.42,
25192,2019-11-23,5,193,好地,第三班,1200,80-60,其士環保工程讓賽,"HK$ 1,450,000",全天候跑道,,,,,23.28,22.07,22.87,
25193,2019-11-23,6,194,好地至快地,第四班,1400,60-40,其士保健護理投資讓賽,"HK$ 967,000",草地,C,,,13.31,21.53,23.12,23.36,
25194,2019-11-23,7,195,好地至快地,第一班,1600,110-85,其士盃（讓賽）,"HK$ 2,800,000",草地,C,,,23.88,21.86,22.92,24.42,
25195,2019-11-23,8,196,好地,第三班,1200,80-60,其士電梯讓賽,"HK$ 1,450,000",全天候跑道,,,,,23.35,22.57,23.08,
25196,2019-11-23,9,197,好地至快地,第三班,1600,80-60,其士物業發展及營運讓賽,"HK$ 1,450,000",草地,C,,,24.76,22.68,23.39,23.06,
25197,2019-11-23,10,198,好地至快地,第二班,1400,95-75,其士物業投資讓賽,"HK$ 2,100,000",草地,C,,,13.54,22.18,22.81,22.48,
25198,2019-11-27,1,199,好地,第五班,1000,40-0,霍伊克讓賽,"HK$ 725,000",草地,A,,,12.73,21.5,22.83,22.48,
25199,2019-11-27,2,200,好地,第四班,1200,60-40,傑德堡讓賽,"HK$ 967,000",草地,A,,,,23.77,22.59,23.41,
25200,2019-11-27,3,201,好地,第五班,1800,40-0,凱爾索讓賽,"HK$ 725,000",草地,A,,13.62,22.96,25.37,24.09,24.68,
25201,2019-11-27,4,202,好地,第四班,2200,60-40,弗尼赫斯特讓賽,"HK$ 967,000",草地,A,14.34,23.34,24.88,25.68,24.59,24.49,
25202,2019-11-27,5,203,好地,第四班,1200,60-40,傑德堡讓賽,"HK$ 967,000",草地,A,,,,24.4,22.62,23.59,
25203,2019-11-27,6,204,好地,第三班,1000,80-60,聖安度挑戰碟（讓賽）,"HK$ 1,450,000",草地,A,,,,12.64,21.53,22.87,
25204,2019-11-27,7,205,好地,第四班,1200,60-40,傑德堡讓賽,"HK$ 967,000",草地,A,,,,23.32,22.93,23.68,
25205,2019-11-27,8,206,好地,第三班,1800,80-60,格拉斯哥讓賽,"HK$ 1,450,000",草地,A,,13.51,22.42,24.85,24.37,23.93,
25206,2019-11-27,9,207,好地,第三班,1200,80-60,埃爾金讓賽,"HK$ 1,450,000",草地,A,,,,23.48,23.09,23.34,
25207,2019-12-01,1,208,好地,第四班（條件限制）,1400,60-40,亞士厘讓賽,"HK$ 967,000",草地,C+3,,,13.54,21.7,23.62,23.5,
25208,2019-12-01,2,209,好地,第五班,1650,40-0,金馬倫讓賽,"HK$ 725,000",全天候跑道,,,,28.69,23.4,23.48,23.93,
25209,2019-12-01,3,210,好地,第四班,1200,60-40,加拿分讓賽,"HK$ 967,000",草地,C+3,,,,23.68,23.18,22.86,
25210,2019-12-01,4,211,好地,第五班,1200,40-0,漢口讓賽,"HK$ 725,000",全天候跑道,,,,,23.26,21.79,23.87,
25211,2019-12-01,5,212,好地,第四班,1800,60-40,香港中華總商會盃（讓賽）,"HK$ 967,000",全天候跑道,,,13.67,22.56,23.79,23.6,24.55,
25212,2019-12-01,6,213,好地,第四班,1200,60-40,中間讓賽,"HK$ 967,000",全天候跑道,,,,,23.2,22.2,23.6,
25213,2019-12-01,7,214,好地,第三班,1000,80-60,半島金禧挑戰盃（讓賽）,"HK$ 1,450,000",草地,C+3,,,,13.11,20.39,22.71,
25214,2019-12-01,8,215,好地,第二班,1200,100-80,麼地讓賽,"HK$ 2,100,000",全天候跑道,,,,,22.87,21.42,23.6,
25215,2019-12-01,9,216,好地,第三班,1650,80-60,彌敦讓賽,"HK$ 1,450,000",全天候跑道,,,,27.53,23.28,24.02,23.91,
25216,2019-12-01,10,217,好地,第三班,1400,80-60,梳士巴利讓賽,"HK$ 1,450,000",草地,C+3,,,13.67,22.01,23.06,22.92,
25217,2019-12-04,1,218,好地,第五班,1200,40-0,日本讓賽,"HK$ 725,000",草地,B,,,23.56,22.62,23.82,22.92,
25218,2019-12-04,2,219,好地,第五班,1650,40-0,英國讓賽,"HK$ 725,000",草地,B,,,28.02,23.85,23.81,24.54,
25219,2019-12-04,3,220,好地,第四班,1200,60-40,法國讓賽,"HK$ 967,000",草地,B,,,,23.76,22.56,23.81,
25220,2019-12-04,4,221,好地,第四班,1000,60-40,浪琴表國際騎師錦標賽（讓賽）－第一關,"HK$ 1,160,400",草地,B,,,,12.73,21.11,23.26,
25221,2019-12-04,5,222,好地,第四班,1650,60-40,浪琴表國際騎師錦標賽（讓賽）－第二關,"HK$ 1,160,400",草地,B,,,28.5,24.34,24.2,23.55,
25222,2019-12-04,6,223,好地,第四班,1650,60-40,意大利讓賽,"HK$ 967,000",草地,B,,,28.27,24.2,24.02,23.55,
25223,2019-12-04,7,224,好地,第三班,1650,80-60,浪琴表國際騎師錦標賽（讓賽）－第三關,"HK$ 1,740,000",草地,B,,,27.93,23.26,24.52,23.59,
25224,2019-12-04,8,225,好地,第二班,1800,100-80,浪琴表國際騎師錦標賽（讓賽）－第四關,"HK$ 2,520,000",草地,B,,13.88,23.32,24.17,24.23,23.42,
25225,2019-12-04,9,226,好地,第三班,1200,80-60,澳洲讓賽,"HK$ 1,450,000",草地,B,,,,23.68,22.98,22.97,
25226,2019-12-08,1,227,好地,第四班,1400,60-40,雞尾酒讓賽,"HK$ 967,000",草地,A,,,13.29,21.2,23.62,24,
25227,2019-12-08,2,228,好地,第三班,1800,80-55,奇異光芒讓賽,"HK$ 1,450,000",草地,A,,14.09,22.46,24.21,24.24,22.66,
25228,2019-12-08,3,229,好地,第三班,1200,80-60,步步友讓賽,"HK$ 1,450,000",草地,A,,,,23.48,22.7,22.84,
25229,2019-12-08,4,230,好地,國際一級賽,2400,,浪琴表香港瓶,"HK$ 20,000,000",草地,A,24.87,23.06,25.09,24.68,24.04,23.03,
25230,2019-12-08,5,231,好地,國際一級賽,1200,,浪琴表香港短途錦標,"HK$ 20,000,000",草地,A,,,,23.71,21.86,22.55,
25231,2019-12-08,6,232,好地,第三班,1400,80-60,高地之舞讓賽,"HK$ 1,450,000",草地,A,,,13.42,21.08,22.95,23.88,
25232,2019-12-08,7,233,好地,國際一級賽,1600,,浪琴表香港一哩錦標,"HK$ 25,000,000",草地,A,,,25.13,22.87,22.79,22.46,
25233,2019-12-08,8,234,好地,國際一級賽,2000,,浪琴表香港盃,"HK$ 28,000,000",草地,A,,26.04,23.98,23.98,23.4,23.12,
25234,2019-12-08,9,235,好地,第二班,1200,105-80,龍王讓賽,"HK$ 2,100,000",草地,A,,,,23.82,22.59,22.59,
25235,2019-12-08,10,236,好地,第二班,1600,100-80,榮進寶蹄讓賽,"HK$ 2,100,000",草地,A,,,24.4,22.2,24.12,23.18,
25236,2019-12-11,1,237,好地,第五班,1000,40-0,軍艦鳥讓賽,"HK$ 725,000",草地,C,,,12.87,21.67,22.8,23.18,
25237,2019-12-11,2,238,好地,第四班,1200,60-40,信天翁讓賽,"HK$ 967,000",草地,C,,,,23.81,22.34,23.63,
25238,2019-12-11,3,239,好地,第四班,1200,60-40,香港高爾夫球會百週年紀念盃（讓賽）,"HK$ 967,000",草地,C,,,,23.87,22.34,23.38,
25239,2019-12-11,4,240,好地,第四班,1800,60-40,相思鳥讓賽,"HK$ 967,000",草地,C,,13.63,24.18,25.44,24.36,22.96,
25240,2019-12-11,5,241,好地,第四班,1200,60-40,瑞典盃（讓賽）,"HK$ 967,000",草地,C,,,,23.48,22.85,23.64,
25241,2019-12-11,6,242,好地,第三班,1650,80-60,夜鷹讓賽,"HK$ 1,450,000",草地,C,,,27.78,24.77,23.77,23.56,
25242,2019-12-11,7,243,好地,第四班,1650,60-40,知更鳥讓賽,"HK$ 967,000",草地,C,,,27.92,24.24,24.41,23.59,
25243,2019-12-11,8,244,好地,第三班,1000,80-60,沙燕讓賽,"HK$ 1,450,000",草地,C,,,,12.68,21.36,22.79,
25244,2019-12-11,9,245,好地,第三班,1200,80-60,海鵰讓賽,"HK$ 1,450,000",草地,C,,,,23.81,23.17,22.93,
25245,2019-12-15,1,246,好地,第四班,1000,60-40,六福珠寶星籟系列讓賽,"HK$ 967,000",草地,C+3,,,,13.26,20.55,22.58,
25246,2019-12-15,2,247,好地,第五班,1400,40-0,六福珠寶婚嫁系列讓賽,"HK$ 725,000",草地,C+3,,,13.53,21.58,23.65,23.4,
25247,2019-12-15,3,248,好地,第四班,1200,60-40,六福珠寶愛很美系列讓賽,"HK$ 967,000",全天候跑道,,,,,23.56,22.06,23.76,
25248,2019-12-15,4,249,好地,第五班,1800,40-0,六福珠寶古醇金系列讓賽,"HK$ 725,000",草地,C+3,,13.84,22.43,24.73,24.07,23.36,
25249,2019-12-15,5,250,好地,第四班,1400,60-40,六福珠寶GOLDSTYLE讓賽,"HK$ 967,000",草地,C+3,,,13.84,22.11,22.93,22.86,
25250,2019-12-15,6,251,好地,第四班,1600,60-40,六福珠寶DEAR Q讓賽,"HK$ 967,000",草地,C+3,,,24.52,22.36,23.82,23.81,
25251,2019-12-15,7,252,好地,第三班,1200,80-60,六福珠寶愛恆久系列讓賽,"HK$ 1,450,000",全天候跑道,,,,,23.81,22.14,23.13,
25252,2019-12-15,8,253,好地,第二班,1400,105-80,六福珠寶盃（讓賽）,"HK$ 2,100,000",草地,C+3,,,13.51,21.26,22.7,23.32,
25253,2019-12-15,9,254,好地,第三班,1200,80-60,六福珠寶鉑金系列讓賽,"HK$ 1,450,000",草地,C+3,,,,23.79,22.48,22.36,
25254,2019-12-15,10,255,好地,第三班,1600,80-60,六福珠寶抱抱家庭系列讓賽,"HK$ 1,450,000",草地,C+3,,,24.65,23.35,23.7,23.03,
25255,2019-12-18,1,256,好地至快地,第五班,1650,40-0,海王星讓賽,"HK$ 725,000",草地,C+3,,,28.19,23.57,24.52,23.52,
25256,2019-12-18,2,257,好地至快地,第四班,1000,60-40,木星讓賽,"HK$ 967,000",草地,C+3,,,,12.56,21.98,22.56,
25257,2019-12-18,3,258,好地至快地,第四班,1650,60-40,天王星讓賽,"HK$ 967,000",草地,C+3,,,27.61,24.49,23.74,23.68,
25258,2019-12-18,4,259,好地至快地,第三班,1200,80-60,金星讓賽,"HK$ 1,450,000",草地,C+3,,,,24.04,22.87,23.03,
25259,2019-12-18,5,260,好地至快地,第三班,1200,80-60,金星讓賽,"HK$ 1,450,000",草地,C+3,,,,23.46,22.7,23.61,
25260,2019-12-18,6,261,好地至快地,第四班,1200,60-40,土星讓賽,"HK$ 967,000",草地,C+3,,,,23.77,22.64,23.23,
25261,2019-12-18,7,262,好地至快地,第三班,1650,80-60,火星讓賽,"HK$ 1,450,000",草地,C+3,,,28.38,23.17,24.45,22.85,
25262,2019-12-18,8,263,好地至快地,第三班,1200,80-60,金星讓賽,"HK$ 1,450,000",草地,C+3,,,,23.62,22.73,22.4,
25263,2019-12-18,9,264,好地至快地,第二班,1200,100-80,水星讓賽,"HK$ 2,100,000",草地,C+3,,,,22.98,22.57,23.09,
25264,2019-12-21,1,265,好地,第五班,1600,40-0,馬會道讓賽,"HK$ 725,000",草地,A+3,,,24.79,22.76,24.41,24.6,
25265,2019-12-21,2,266,好地,第四班,1200,60-40,河上鄉讓賽,"HK$ 967,000",草地,A+3,,,,23.84,22.89,23.35,
25266,2019-12-21,3,267,好地,第五班,1200,40-0,梧桐河讓賽,"HK$ 725,000",草地,A+3,,,,23.81,23.06,23.69,
25267,2019-12-21,4,268,好地,第四班,1400,60-40,金錢讓賽,"HK$ 967,000",草地,A+3,,,13.48,22.22,23.62,23.95,
25268,2019-12-21,5,269,好地,第四班,1200,60-40,河上鄉讓賽,"HK$ 967,000",草地,A+3,,,,23.93,22.57,23.58,
25269,2019-12-21,6,270,好地,第四班,1800,60-40,古洞讓賽,"HK$ 967,000",草地,A+3,,14.12,23.24,24.06,23.2,23.77,
25270,2019-12-21,7,271,好地,第三班,1200,80-60,皮亞士紀念挑戰盃（讓賽）,"HK$ 1,450,000",草地,A+3,,,,23.67,22.61,23.11,
25271,2019-12-21,8,272,好地,第三班,1000,80-60,塱原讓賽,"HK$ 1,450,000",草地,A+3,,,,13.14,20.33,23.08,
25272,2019-12-21,9,273,好地,第二班,2000,105-80,雙魚河讓賽,"HK$ 2,100,000",草地,A+3,,25.62,23.43,24.55,24.06,23.48,
25273,2019-12-21,10,274,好地,第三班,1400,80-60,燕崗讓賽,"HK$ 1,450,000",草地,A+3,,,13.68,22.37,23.53,22.86,
25274,2019-12-26,1,275,好地,第五班,1200,40-0,油柑頭讓賽,"HK$ 725,000",草地,A,,,23.88,22.93,23.54,22.86,
25275,2019-12-26,2,276,好地,第三班,2200,80-60,深井讓賽,"HK$ 1,450,000",草地,A,14.45,23.32,24.8,25.04,24.74,24.32,
25276,2019-12-26,3,277,好地,第四班,1650,60-40,青衣讓賽,"HK$ 967,000",草地,A,,,28.31,24.62,23.54,24.13,
25277,2019-12-26,4,278,好地,第四班,1650,60-40,青衣讓賽,"HK$ 967,000",草地,A,,,27.41,24.48,24.43,24.02,
25278,2019-12-26,5,279,好地,第四班,1200,60-40,青龍頭讓賽,"HK$ 967,000",草地,A,,,,23.42,22.9,23.96,
25279,2019-12-26,6,280,好地,第四班,1000,60-40,汀九讓賽,"HK$ 967,000",草地,A,,,,12.7,21.39,23.19,
25280,2019-12-26,7,281,好地,第三班,1650,80-60,馬灣讓賽,"HK$ 1,450,000",草地,A,,,28.03,24.68,23.59,23.53,
25281,2019-12-26,8,282,好地,第二班,1650,100-80,柴灣角讓賽,"HK$ 2,100,000",草地,A,,,27.89,23.68,24.45,23.8,
25282,2019-12-26,9,283,好地,第三班,1200,80-60,汲水門讓賽,"HK$ 1,450,000",草地,A,,,,23.32,22.15,24.02,
25283,2019-12-29,1,284,好地,條件限制賽,1400,,新馬錦標,"HK$ 2,000,000",草地,B+2,,,13.6,22.11,23.63,23.39,
25284,2019-12-29,2,285,濕慢地,第五班,1650,40-0,黃宜洲讓賽,"HK$ 725,000",全天候跑道,,,,28.24,23.45,24.54,24.18,
25285,2019-12-29,3,286,好地,第四班,1200,60-40,大浪咀讓賽,"HK$ 967,000",草地,B+2,,,,24.24,22.65,23.7,
25286,2019-12-29,4,287,濕慢地,第四班,1650,60-40,黃石讓賽,"HK$ 967,000",全天候跑道,,,,27.75,22.95,24.06,24.69,
25287,2019-12-29,5,288,好地,第三班,1200,80-60,浪茄讓賽,"HK$ 1,450,000",草地,B+2,,,,23.73,22.25,23.74,
25288,2019-12-29,6,289,好地,第四班,1400,60-40,大灘讓賽,"HK$ 967,000",草地,B+2,,,13.46,21.37,23.04,24.56,
25289,2019-12-29,7,290,好地,國際三級賽,1000,,洋紫荊短途錦標（讓賽）,"HK$ 3,250,000",草地,B+2,,,,13.31,20.45,21.95,
25290,2019-12-29,8,291,好地,第三班,1400,80-60,鹿湖讓賽,"HK$ 1,450,000",草地,B+2,,,13.74,21.59,23.54,23.5,
25291,2019-12-29,9,292,濕慢地,第二班,1650,105-80,赤徑讓賽,"HK$ 2,100,000",全天候跑道,,,,27.66,23.1,23.74,23.95,
25292,2019-12-29,10,293,濕慢地,第三班,1650,80-60,北潭涌讓賽,"HK$ 1,450,000",全天候跑道,,,,29.12,23.6,23.26,24.11,
25293,2020-01-01,1,294,好地,第四班,1200,60-40,棕櫚讓賽,"HK$ 967,000",草地,C,,,23.88,22.53,23.71,24.11,
25294,2020-01-01,2,295,好地,第五班,1800,40-0,紫杉讓賽,"HK$ 725,000",草地,C,,14.15,22.76,23.9,23.87,23.87,
25295,2020-01-01,3,296,好地,第三班,1200,80-60,細葉榕讓賽,"HK$ 1,450,000",草地,C,,,,24.06,22.7,22.98,
25296,2020-01-01,4,297,好地,第四班,1600,60-40,楊柳讓賽,"HK$ 967,000",草地,C,,,24.62,23.12,24.2,23.68,
25297,2020-01-01,5,298,好地,第四班,1400,60-40,白楊讓賽,"HK$ 967,000",草地,C,,,13.63,21.56,23.53,23.43,
25298,2020-01-01,6,299,好地,第二班,1000,100-80,櫻桃讓賽,"HK$ 2,100,000",草地,C,,,,13.01,20.23,22.73,
25299,2020-01-01,7,300,好地,國際三級賽,1400,,華商會挑戰盃（讓賽）,"HK$ 3,250,000",草地,C,,,13.49,21.76,22.75,22.7,
25300,2020-01-01,8,301,好地,第三班,1200,80-60,細葉榕讓賽,"HK$ 1,450,000",草地,C,,,,24.04,22.51,22.62,
25301,2020-01-01,9,302,好地,第三班,1400,80-60,紅棉讓賽,"HK$ 1,450,000",草地,C,,,13.45,21.67,23.26,23.27,
25302,2020-01-01,10,303,好地,第三班,1600,80-60,鳳凰木讓賽,"HK$ 1,450,000",草地,C,,,24.66,23.31,23.74,22.96,
25303,2020-01-05,1,304,好地,第四班,1000,60-35,恩平讓賽,"HK$ 967,000",草地,C+3,,,13.24,21.08,22.68,22.96,
25304,2020-01-05,2,305,好地,第五班,1200,40-0,雲地利讓賽,"HK$ 725,000",全天候跑道,,,,,23.79,22.45,23.72,
25305,2020-01-05,3,306,好地,第三班,1000,80-60,新寧讓賽,"HK$ 1,450,000",草地,C+3,,,,13.2,20.51,22.73,
25306,2020-01-05,4,307,好地,第五班,1400,40-0,新會讓賽,"HK$ 725,000",草地,C+3,,,13.76,21.87,23.95,23.49,
25307,2020-01-05,5,308,好地,第四班,1200,60-40,連道讓賽,"HK$ 967,000",全天候跑道,,,,,23.35,22.7,23.57,
25308,2020-01-05,6,309,好地,第四班,1800,60-40,禮頓讓賽,"HK$ 967,000",草地,C+3,,14.07,23.42,23.54,23.48,23.6,
25309,2020-01-05,7,310,好地,第三班,1200,85-60,開平讓賽,"HK$ 1,450,000",全天候跑道,,,,,23.59,22.46,23.04,
25310,2020-01-05,8,311,好地,第三班,1400,80-60,保良局盃（讓賽）,"HK$ 1,450,000",草地,C+3,,,13.28,22.71,23.63,22.84,
25311,2020-01-05,9,312,好地,第二班,1800,100-80,加路連山讓賽,"HK$ 2,100,000",草地,C+3,,13.71,21.89,24.77,23.51,22.88,
25312,2020-01-05,10,313,好地,第二班,1400,100-80,樂活讓賽,"HK$ 2,100,000",草地,C+3,,,13.43,21.53,23.46,22.94,
25313,2020-01-08,1,314,好地,第四班,1200,60-40,京士頓讓賽,"HK$ 967,000",草地,C,,,24.1,23.03,22.87,22.94,
25314,2020-01-08,2,315,好地,第四班,1200,60-40,京士頓讓賽,"HK$ 967,000",草地,C,,,,23.73,22.68,23.44,
25315,2020-01-08,3,316,好地,第四班,1650,60-40,百德新讓賽,"HK$ 967,000",草地,C,,,28.35,24.6,23.74,23.75,
25316,2020-01-08,4,317,好地,第四班,1200,60-40,京士頓讓賽,"HK$ 967,000",草地,C,,,,23.51,23.03,23.67,
25317,2020-01-08,5,318,好地,第四班,1650,60-40,百德新讓賽,"HK$ 967,000",草地,C,,,27.77,23.92,24.71,23.66,
25318,2020-01-08,6,319,好地,國際三級賽,1800,,一月盃（讓賽）,"HK$ 3,250,000",草地,C,,13.99,23.57,23.73,23.67,23.14,
25319,2020-01-08,7,320,好地,第三班,1800,80-60,記利佐治讓賽,"HK$ 1,450,000",草地,C,,13.71,23.45,23.56,23.92,24.12,
25320,2020-01-08,8,321,好地,第三班,1200,80-60,高士威讓賽,"HK$ 1,450,000",草地,C,,,,23.7,22.53,23.38,
25321,2020-01-08,9,322,好地,第三班,1200,80-60,高士威讓賽,"HK$ 1,450,000",草地,C,,,,23.54,23.34,23.21,
25322,2020-01-11,1,323,好地,第四班,1200,60-40,賈炳達讓賽,"HK$ 967,000",草地,A,,,,23.46,22.54,23.61,
25323,2020-01-11,2,324,好地,第五班,1600,40-0,侯王讓賽,"HK$ 725,000",草地,A,,,25.52,23.23,23.6,23.51,
25324,2020-01-11,3,325,好地,第四班,1200,60-40,賈炳達讓賽,"HK$ 967,000",草地,A,,,,23.54,22.53,23.34,
25325,2020-01-11,4,326,好地,第四班,1650,60-40,南角讓賽,"HK$ 967,000",全天候跑道,,,,28.16,23.54,23.76,23.89,
25326,2020-01-11,5,327,好地,第三班,1200,80-60,衙前圍讓賽,"HK$ 1,450,000",草地,A,,,,23.99,23.15,22.5,
25327,2020-01-11,6,328,好地,第四班,1400,60-40,城南讓賽,"HK$ 967,000",草地,A,,,13.78,22.26,23.54,23.26,
25328,2020-01-11,7,329,好地,第四班,1400,60-40,城南讓賽,"HK$ 967,000",草地,A,,,13.85,22.34,23.59,23.1,
25329,2020-01-11,8,330,好地,第三班,1650,80-60,樂善堂140周年紀念盃（讓賽）,"HK$ 1,450,000",全天候跑道,,,,28.08,22.65,23.93,23.89,
25330,2020-01-11,9,331,好地,第三班,1400,80-60,打鼓嶺讓賽,"HK$ 1,450,000",草地,A,,,13.29,21.5,23.38,23.73,
25331,2020-01-11,10,332,好地,第二班,1600,100-80,龍崗讓賽,"HK$ 2,100,000",草地,A,,,24.68,22.9,23.43,22.93,
25332,2020-01-15,1,333,好地,第五班,1000,40-0,美利讓賽,"HK$ 725,000",草地,C+3,,,12.67,21.7,23.3,22.93,
25333,2020-01-15,2,334,好地,第四班,1200,60-40,會所街讓賽,"HK$ 967,000",草地,C+3,,,,23.65,23.12,22.84,
25334,2020-01-15,3,335,好地,第四班,1000,60-40,琳寶讓賽,"HK$ 967,000",草地,C+3,,,,12.51,21.67,22.69,
25335,2020-01-15,4,336,好地,第四班,1650,60-40,雪廠讓賽,"HK$ 967,000",草地,C+3,,,27.69,23.73,24.24,23.64,
25336,2020-01-15,5,337,好地,第三班,1650,80-60,愛丁堡讓賽,"HK$ 1,450,000",草地,C+3,,,27.89,23.63,24.03,23.76,
25337,2020-01-15,6,338,好地,第四班,1200,60-40,香港會挑戰盃（讓賽）,"HK$ 967,000",草地,C+3,,,,23.42,22.71,23.33,
25338,2020-01-15,7,339,好地,第三班,1650,80-60,愛丁堡讓賽,"HK$ 1,450,000",草地,C+3,,,27.74,23.4,24.27,23.2,
25339,2020-01-15,8,340,好地,第三班,1000,80-60,干諾讓賽,"HK$ 1,450,000",草地,C+3,,,,12.7,21.37,22.24,
25340,2020-01-15,9,341,好地,第三班,1200,80-60,遮打讓賽,"HK$ 1,450,000",草地,C+3,,,,23.38,22.89,23.17,
25341,2020-01-19,1,342,好地,第四班,2000,60-40,喜蓮獎星讓賽,"HK$ 967,000",草地,A+3,,26.6,24.26,23.68,23.85,24.34,
25342,2020-01-19,2,343,好地,第四班,1200,60-40,好利威讓賽,"HK$ 967,000",草地,A+3,,,,23.65,22.21,23.62,
25343,2020-01-19,3,344,好地,第四班,1600,60-40,大印銀紙讓賽,"HK$ 967,000",草地,A+3,,,24.29,23.45,23.62,23.37,
25344,2020-01-19,4,345,好地,第四班,1400,60-40,友誼至上讓賽,"HK$ 967,000",草地,A+3,,,13.59,21.36,23.03,24.02,
25345,2020-01-19,5,346,好地,國際一級賽,1600,,董事盃,"HK$ 10,000,000",草地,A+3,,,24.49,22.65,23.12,22.78,
25346,2020-01-19,6,347,好地,第三班,1200,80-60,締造美麗讓賽,"HK$ 1,450,000",草地,A+3,,,,23.88,22.45,22.99,
25347,2020-01-19,7,348,好地,國際一級賽,1200,,百週年紀念短途盃,"HK$ 10,000,000",草地,A+3,,,,24.31,22.07,22.19,
25348,2020-01-19,8,349,好地,第三班,1400,80-60,好爸爸讓賽,"HK$ 1,450,000",草地,A+3,,,13.53,21.84,23.4,23.05,
25349,2020-01-19,9,350,好地,第二班,1200,100-80,雄心威龍讓賽,"HK$ 2,100,000",草地,A+3,,,,23.73,22.09,22.74,
25350,2020-01-19,10,351,好地,第三班,1600,80-60,精彩日子讓賽,"HK$ 1,450,000",草地,A+3,,,24.74,22.68,23.7,23.4,
25351,2020-01-22,1,352,好地,第五班,2200,40-0,裕民讓賽,"HK$ 725,000",草地,A,14.63,24.1,25.83,25.91,23.73,23.52,
25352,2020-01-22,2,353,好地,第四班,1200,60-40,成業讓賽,"HK$ 967,000",草地,A,,,,23.62,22.39,23.71,
25353,2020-01-22,3,354,好地,第四班,1200,60-40,成業讓賽,"HK$ 967,000",草地,A,,,,23.65,22.81,23.61,
25354,2020-01-22,4,355,好地,第四班,1650,60-40,偉業讓賽,"HK$ 967,000",草地,A,,,27.66,24.24,24.09,24.13,
25355,2020-01-22,5,356,好地,第四班,1000,60-40,物華讓賽,"HK$ 967,000",草地,A,,,,12.75,21.26,23.23,
25356,2020-01-22,6,357,好地,第四班,1650,60-40,偉業讓賽,"HK$ 967,000",草地,A,,,28.44,24.59,24.37,23.37,
25357,2020-01-22,7,358,好地,第三班,1650,80-60,鴻圖讓賽,"HK$ 1,450,000",草地,A,,,28.61,24.48,23.79,23.54,
25358,2020-01-22,8,359,好地,第三班,1200,80-60,開源讓賽,"HK$ 1,450,000",草地,A,,,,23.15,22.45,23.51,
25359,2020-01-22,9,360,好地,第三班,1200,80-60,開源讓賽,"HK$ 1,450,000",草地,A,,,,23.45,22,24.01,
25360,2020-01-27,1,361,好地,第五班,1200,40-0,如意讓賽,"HK$ 725,000",草地,B+2,,,,23.84,22.31,23.58,
25361,2020-01-27,2,362,好地,第四班,1000,60-40,吉祥讓賽,"HK$ 967,000",草地,B+2,,,,13.2,20.89,22.7,
25362,2020-01-27,3,363,好地,第四班,1400,60-40,利是讓賽,"HK$ 967,000",草地,B+2,,,13.49,21.93,23.73,23.43,
25363,2020-01-27,4,364,好地,國際三級賽,1800,,百週年紀念銀瓶（讓賽）,"HK$ 3,250,000",草地,B+2,,14.15,22.06,23.37,23.25,23.18,
25364,2020-01-27,5,365,好地,第四班,1200,60-40,興隆讓賽,"HK$ 967,000",草地,B+2,,,,24.12,22.87,22.38,
25365,2020-01-27,6,366,好地,第四班,1400,60-40,利是讓賽,"HK$ 967,000",草地,B+2,,,13.71,21.31,23.68,23.96,
25366,2020-01-27,7,367,好地,第三班,2000,80-60,恭喜讓賽,"HK$ 1,450,000",草地,B+2,,25.6,23.7,24.07,24.38,23.38,
25367,2020-01-27,8,368,好地,四歲,1600,,香港經典一哩賽,"HK$ 10,000,000",草地,B+2,,,24.48,23.43,22.9,22.8,
25368,2020-01-27,9,369,好地,第三班,1400,85-60,好運讓賽,"HK$ 1,450,000",草地,B+2,,,13.6,22.39,23.35,22.75,
25369,2020-01-27,10,370,好地,第一班,1400,110-85,賀年盃（讓賽）,"HK$ 2,800,000",草地,B+2,,,13.64,22.04,23.03,22.85,
25370,2020-01-27,11,371,好地,第三班,1200,80-60,發財讓賽,"HK$ 1,450,000",草地,B+2,,,,23.48,22.31,23.27,
25371,2020-01-29,1,372,好地,第四班,1200,60-40,堅尼地讓賽,"HK$ 967,000",草地,B,,,,23.87,22.67,23.52,
25372,2020-01-29,2,373,好地,第五班,1650,40-0,摩理臣山讓賽,"HK$ 725,000",草地,B,,,28.53,25.12,23.45,23.99,
25373,2020-01-29,3,374,好地,第四班,1200,60-40,堅尼地讓賽,"HK$ 967,000",草地,B,,,,23.49,22.75,23.51,
25374,2020-01-29,4,375,好地,第四班,1200,60-40,堅尼地讓賽,"HK$ 967,000",草地,B,,,,23.24,23.14,23.62,
25375,2020-01-29,5,376,好地,第四班,1800,60-40,愛群讓賽,"HK$ 967,000",草地,B,,13.6,22.28,24.69,24.51,24.12,
25376,2020-01-29,6,377,好地,第三班,1650,80-60,義勇軍挑戰盃（讓賽）,"HK$ 1,450,000",草地,B,,,27.77,23.95,23.98,23.97,
25377,2020-01-29,7,378,好地,第三班,1200,80-60,皇后大道東讓賽,"HK$ 1,450,000",草地,B,,,,24.23,22.89,22.63,
25378,2020-01-29,8,379,好地,第二班,1200,100-80,司徒拔讓賽,"HK$ 2,100,000",草地,B,,,,23.37,22.04,23.58,
25379,2020-01-29,9,380,好地,第二班,1650,100-80,天樂讓賽,"HK$ 2,100,000",草地,B,,,27.85,23.9,24.04,23.47,
25380,2020-02-02,1,381,好地,第四班,1200,60-40,蘭花讓賽,"HK$ 967,000",草地,C,,,24.26,22.7,23.32,23.47,
25381,2020-02-02,2,382,好地,第四班,1200,60-40,蘭花讓賽,"HK$ 967,000",草地,C,,,,24.48,22.64,22.78,
25382,2020-02-02,3,383,好地,第五班,1400,40-0,玫瑰讓賽,"HK$ 725,000",草地,C,,,13.81,21.84,23.17,23.44,
25383,2020-02-02,4,384,好地,第四班,1400,60-40,桃花讓賽,"HK$ 967,000",草地,C,,,13.57,21.75,22.85,23.53,
25384,2020-02-02,5,385,好地,第三班,1600,80-60,雛菊讓賽,"HK$ 1,450,000",草地,C,,,24.77,23.67,23.67,22.44,
25385,2020-02-02,6,386,好地,第四班,1650,60-40,牡丹讓賽,"HK$ 967,000",全天候跑道,,,,28.31,23.56,24.04,23.27,
25386,2020-02-02,7,387,好地,第三班,1650,80-60,百合讓賽,"HK$ 1,450,000",全天候跑道,,,,28.08,23.74,24.29,23.35,
25387,2020-02-02,8,388,好地,第三班,1000,80-60,富貴菊讓賽,"HK$ 1,450,000",草地,C,,,,13.2,20.75,22.58,
25388,2020-02-02,9,389,好地,第三班,1200,80-60,水仙花讓賽,"HK$ 1,450,000",草地,C,,,,24.41,22.61,22.45,
25389,2020-02-02,10,390,好地,第二班,1800,100-80,杜鵑花讓賽,"HK$ 2,100,000",草地,C,,13.92,22.31,24.01,23.59,22.88,
25390,2020-02-05,1,391,好地,第五班,1200,40-0,寶靈頓讓賽,"HK$ 725,000",草地,C,,23.95,22.61,23.64,23.59,22.88,
25391,2020-02-05,2,392,好地,第四班,1000,60-40,堅拿讓賽,"HK$ 967,000",草地,C,,,,12.87,21.54,22.84,
25392,2020-02-05,3,393,好地,第四班,1650,60-40,紀利華木球會挑戰盃（讓賽）,"HK$ 967,000",草地,C,,,28.03,24.15,24.51,23.21,
25393,2020-02-05,4,394,好地,第四班,1200,60-40,波斯富讓賽,"HK$ 967,000",草地,C,,,,23.88,22.78,23.17,
25394,2020-02-05,5,395,好地,第四班,1650,60-40,黃泥涌讓賽,"HK$ 967,000",草地,C,,,28.85,24.71,23.87,23.19,
25395,2020-02-05,6,396,好地,第三班,1200,80-60,體育道讓賽,"HK$ 1,450,000",草地,C,,,,23.62,22.65,23.31,
25396,2020-02-05,7,397,好地,第三班,1650,80-60,羅素讓賽,"HK$ 1,450,000",草地,C,,,27.8,23.45,24.4,23.32,
25397,2020-02-05,8,398,好地,第三班,1200,80-60,體育道讓賽,"HK$ 1,450,000",草地,C,,,,23.81,23.01,22.68,
25398,2020-02-08,1,399,好地,第四班,1000,60-40,樂華讓賽,"HK$ 967,000",草地,C+3,,,,13.32,20.86,23,
25399,2020-02-08,2,400,好地,第五班,1800,40-0,橫頭磡讓賽,"HK$ 725,000",草地,C+3,,14.09,22.25,24.6,24.6,23.58,
25400,2020-02-08,3,401,好地,第四班,1200,60-40,牛頭角讓賽,"HK$ 967,000",全天候跑道,,,,,23.62,22.51,23.47,
25401,2020-02-08,4,402,好地,第四班,1400,60-40,秀茂坪讓賽,"HK$ 967,000",草地,C+3,,,13.6,21.72,23.65,23.1,
25402,2020-02-08,5,403,好地,第三班,1800,80-60,樂富讓賽,"HK$ 1,450,000",草地,C+3,,13.67,21.61,23.49,24.23,23.94,
25403,2020-02-08,6,404,好地,第三班,1200,80-60,啟業讓賽,"HK$ 1,450,000",全天候跑道,,,,,23.42,21.93,23.84,
25404,2020-02-08,7,405,好地,第二班,1600,105-80,彩雲讓賽,"HK$ 2,100,000",草地,C+3,,,24.52,23.34,23.31,23.17,
25405,2020-02-08,8,406,好地,第三班,1400,80-60,鯉魚門讓賽,"HK$ 1,450,000",草地,C+3,,,13.17,21.19,23.09,23.84,
25406,2020-02-08,9,407,好地,第二班,1200,105-80,彩虹讓賽,"HK$ 2,100,000",草地,C+3,,,,23.78,22.39,22.85,
25407,2020-02-08,10,408,好地,第三班,1400,80-60,鯉魚門讓賽,"HK$ 1,450,000",草地,C+3,,,13.59,21.31,23.21,23.9,
25408,2020-02-12,1,409,好地,第四班,1200,60-40,西貢讓賽,"HK$ 967,000",草地,C+3,,,23.81,22.82,23.1,23.9,
25409,2020-02-12,2,410,好地,第四班,1650,60-40,大埔讓賽,"HK$ 967,000",草地,C+3,,,28.67,24.38,23.43,22.99,
25410,2020-02-12,3,411,好地至快地,第四班,1200,60-40,西貢讓賽,"HK$ 967,000",草地,C+3,,,,23.99,22.42,22.81,
25411,2020-02-12,4,412,好地至快地,第四班,1800,60-40,荃灣讓賽,"HK$ 967,000",草地,C+3,,13.7,23.04,23.84,23.71,23.81,
25412,2020-02-12,5,413,好地至快地,第三班,1000,85-60,粉嶺讓賽,"HK$ 1,450,000",草地,C+3,,,,12.42,21.08,22.61,
25413,2020-02-12,6,414,好地至快地,第三班,1650,80-60,葵涌讓賽,"HK$ 1,450,000",草地,C+3,,,28.05,24.12,23.87,23.17,
25414,2020-02-12,7,415,好地至快地,第三班,1650,80-60,葵涌讓賽,"HK$ 1,450,000",草地,C+3,,,28.47,23.95,24.3,22.82,
25415,2020-02-12,8,416,好地至快地,第三班,1200,80-60,火炭讓賽,"HK$ 1,450,000",草地,C+3,,,,23.34,22.42,23.38,
25416,2020-02-16,1,417,好地,第四班,1200,60-40,花旗銀行流動理財讓賽,"HK$ 967,000",草地,A,,,,24.16,22.81,23.16,
25417,2020-02-16,2,418,好地,第四班,1200,60-40,花旗銀行CITI PRIORITY讓賽,"HK$ 967,000",草地,A,,,,23.79,22.57,23.64,
25418,2020-02-16,3,419,好地,第四班,1600,60-40,花旗銀行CITIGOLD讓賽,"HK$ 967,000",草地,A,,,24.73,23.01,24.24,23.81,
25419,2020-02-16,4,420,好地,第四班,1400,60-40,花旗私人客戶業務讓賽,"HK$ 967,000",草地,A,,,13.57,21.15,23.6,23.96,
25420,2020-02-16,5,421,好地,國際一級賽,2000,,花旗銀行香港金盃,"HK$ 10,000,000",草地,A,,26.54,24.84,23.38,22.98,24.26,
25421,2020-02-16,6,422,好地,第三班,1400,80-60,CITI ULTIMA CARD讓賽,"HK$ 1,450,000",草地,A,,,13.57,22.06,23.54,23.38,
25422,2020-02-16,7,423,好地,國際一級賽,1400,,女皇銀禧紀念盃,"HK$ 10,000,000",草地,A,,,13.4,22.18,23.35,22.71,
25423,2020-02-16,8,424,好地,第三班,1200,80-60,花旗銀行財富管理服務讓賽,"HK$ 1,450,000",草地,A,,,,24.18,23.26,22.59,
25424,2020-02-16,9,425,好地,第三班,1200,80-60,花旗銀行保險服務讓賽,"HK$ 1,450,000",草地,A,,,,23.37,22.46,23.94,
25425,2020-02-16,10,426,好地,第二班,1400,100-80,花旗銀行按揭服務讓賽,"HK$ 2,100,000",草地,A,,,13.48,21.47,22.68,24.18,
25426,2020-02-19,1,427,好地,第五班,1200,40-0,將軍澳讓賽,"HK$ 725,000",全天候跑道,,,,23.37,22.23,24.04,24.18,
25427,2020-02-19,2,428,好地,第五班,1650,40-0,油塘讓賽,"HK$ 725,000",全天候跑道,,,,28.08,23.82,23.95,24.15,
25428,2020-02-19,3,429,好地,第四班,1200,60-40,寶琳讓賽,"HK$ 967,000",全天候跑道,,,,,23.48,22.26,24.25,
25429,2020-02-19,4,430,好地,第四班,1200,60-40,寶琳讓賽,"HK$ 967,000",全天候跑道,,,,,23.49,22.36,23.35,
25430,2020-02-19,5,431,好地,第四班,1650,60-40,調景嶺讓賽,"HK$ 967,000",全天候跑道,,,,27.8,23.29,24.24,23.61,
25431,2020-02-19,6,432,好地,第三班,1200,80-60,坑口讓賽,"HK$ 1,450,000",全天候跑道,,,,,23.1,21.86,23.39,
25432,2020-02-19,7,433,好地,第三班,1800,80-60,藍田讓賽,"HK$ 1,450,000",全天候跑道,,,13.53,22.59,24.2,23.84,23.87,
25433,2020-02-19,8,434,好地,第二班,1200,105-80,茶果嶺讓賽,"HK$ 2,100,000",全天候跑道,,,,,22.93,21.86,23,
25434,2020-02-23,1,435,好地,第五班,1200,40-0,禾輋讓賽,"HK$ 725,000",草地,A+3,,,,23.49,22.11,23.64,
25435,2020-02-23,2,436,好地,第四班,1400,60-40,新翠讓賽,"HK$ 967,000",草地,A+3,,,13.45,22.22,23.24,23.76,
25436,2020-02-23,3,437,好地,第四班,1200,60-40,水泉澳讓賽,"HK$ 967,000",草地,A+3,,,,23.59,22.85,23.25,
25437,2020-02-23,4,438,好地,第四班,2000,60-40,新田圍讓賽,"HK$ 967,000",草地,A+3,,25.76,24.09,24.56,24.41,23.72,
25438,2020-02-23,5,439,好地,第三班,1200,80-60,隆亨讓賽,"HK$ 1,450,000",草地,A+3,,,,23.99,22.48,23.23,
25439,2020-02-23,6,440,好地,第四班,1400,60-40,新翠讓賽,"HK$ 967,000",草地,A+3,,,13.35,22.01,23.23,23.77,
25440,2020-02-23,7,441,好地,四歲,1800,,香港經典盃,"HK$ 10,000,000",草地,A+3,,13.82,22.56,23.4,23.32,22.78,
25441,2020-02-23,8,442,好地,第二班,2000,100-80,瀝源讓賽,"HK$ 2,100,000",草地,A+3,,26.1,23.49,24.49,23.26,23.5,
25442,2020-02-23,9,443,好地,第三班,1400,80-60,美林讓賽,"HK$ 1,450,000",草地,A+3,,,13.48,21.64,23.43,22.67,
25443,2020-02-23,10,444,好地,第三班,1600,80-60,碩門讓賽,"HK$ 1,450,000",草地,A+3,,,24.23,22.34,24.21,23.46,
25444,2020-02-26,1,445,好地,第五班,1800,40-0,毓秀讓賽,"HK$ 725,000",草地,A,,13.51,22.31,24.15,25.12,24.24,
25445,2020-02-26,2,446,好地,第四班,1200,60-40,宏德讓賽,"HK$ 967,000",草地,A,,,,23.7,22.67,23.2,
25446,2020-02-26,3,447,好地,第四班,1650,60-40,奕蔭讓賽,"HK$ 967,000",草地,A,,,27.72,23.81,24.8,23.9,
25447,2020-02-26,4,448,好地,第四班,1000,60-40,山村讓賽,"HK$ 967,000",草地,A,,,,12.65,21.25,22.96,
25448,2020-02-26,5,449,好地,第一班,1650,110-85,山光讓賽,"HK$ 2,800,000",草地,A,,,28.19,24.34,23.23,23.38,
25449,2020-02-26,6,450,好地,第三班,2200,80-60,聚文讓賽,"HK$ 1,450,000",草地,A,14.38,23.68,24.49,25.41,25.18,23.49,
25450,2020-02-26,7,451,好地,第一班,1200,110-85,藍塘讓賽,"HK$ 2,800,000",草地,A,,,,23.56,22.48,23.2,
25451,2020-02-26,8,452,好地,第三班,1650,85-60,成和讓賽,"HK$ 1,450,000",草地,A,,,27.92,23.82,24.03,23.23,
25452,2020-02-26,9,453,好地,第三班,1200,85-60,景光讓賽,"HK$ 1,450,000",草地,A,,,,23.54,22.31,23.33,
25453,2020-03-01,1,454,好地,第四班,1000,60-40,梨木樹讓賽,"HK$ 967,000",草地,B+2,,,,13.46,20.37,22.46,
25454,2020-03-01,2,455,好地,第五班,1600,40-0,大窩口讓賽,"HK$ 725,000",草地,B+2,,,24.73,22.64,23.51,24.19,
25455,2020-03-01,3,456,好地,第四班,1400,60-40,石圍角讓賽,"HK$ 967,000",草地,B+2,,,13.43,21.7,23.43,23.08,
25456,2020-03-01,4,457,好地,第四班,1200,60-40,石籬讓賽,"HK$ 967,000",草地,B+2,,,,24.02,22.42,23,
25457,2020-03-01,5,458,好地,第四班,1600,60-40,石蔭讓賽,"HK$ 967,000",草地,B+2,,,24.51,23.78,23.6,23.62,
25458,2020-03-01,6,459,好地,第三班,1000,80-60,葵芳讓賽,"HK$ 1,450,000",草地,B+2,,,,13.15,20.45,22.6,
25459,2020-03-01,7,460,好地,第三班,1400,80-60,荔景讓賽,"HK$ 1,450,000",草地,B+2,,,13.46,21.7,23.68,22.99,
25460,2020-03-01,8,461,好地,第三班,1200,80-60,葵盛讓賽,"HK$ 1,450,000",草地,B+2,,,,24.29,21.84,22.89,
25461,2020-03-01,9,462,好地,第三班,1400,80-60,荔景讓賽,"HK$ 1,450,000",草地,B+2,,,13.6,21.76,22.98,23.58,
25462,2020-03-01,10,463,好地,第二班,1400,100-80,象山讓賽,"HK$ 2,100,000",草地,B+2,,,13.45,21.65,22.5,23.52,
25463,2020-03-04,1,464,好地,第五班,1000,40-0,馬頭圍讓賽,"HK$ 725,000",草地,B,,,12.85,21.7,23.41,23.52,
25464,2020-03-04,2,465,好地,第四班,1800,60-40,九龍塘讓賽,"HK$ 967,000",草地,B,,13.64,23.06,23.57,25.02,24.42,
25465,2020-03-04,3,466,好地,第四班,1200,60-40,土瓜灣讓賽,"HK$ 967,000",草地,B,,,,23.43,22.96,23.92,
25466,2020-03-04,4,467,好地,第四班,1650,60-40,馬頭角讓賽,"HK$ 967,000",草地,B,,,27.72,23.39,25.02,24.45,
25467,2020-03-04,5,468,好地,第四班,1200,60-40,土瓜灣讓賽,"HK$ 967,000",草地,B,,,,23.9,23.17,23.94,
25468,2020-03-04,6,469,好地,第三班,1650,80-60,新蒲崗讓賽,"HK$ 1,450,000",草地,B,,,27.83,23.17,24.55,24.25,
25469,2020-03-04,7,470,好地,第三班,1650,80-60,新蒲崗讓賽,"HK$ 1,450,000",草地,B,,,28.52,23.6,24.51,23.37,
25470,2020-03-04,8,471,好地,第三班,1200,80-60,九龍城讓賽,"HK$ 1,450,000",草地,B,,,,23.28,22.46,23.92,
25471,2020-03-08,1,472,好地,第五班,1400,40-0,二澳讓賽,"HK$ 725,000",草地,C,,,13.53,22.28,23.34,23.56,
25472,2020-03-08,2,473,好地,第四班,1200,60-35,大澳讓賽,"HK$ 967,000",全天候跑道,,,,,23.54,22.51,23.42,
25473,2020-03-08,3,474,好地,第四班,1400,60-40,東涌讓賽,"HK$ 967,000",草地,C,,,13.57,21.9,23.59,23.4,
25474,2020-03-08,4,475,好地,第一班,1200,100+,赤鱲角讓賽,"HK$ 2,800,000",草地,C,,,,23.79,22.68,22.25,
25475,2020-03-08,5,476,好地,第四班,1200,60-40,小蠔灣讓賽,"HK$ 967,000",草地,C,,,,24.13,22.46,23.24,
25476,2020-03-08,6,477,好地,第四班,1400,60-40,東涌讓賽,"HK$ 967,000",草地,C,,,13.6,22.4,23.07,23.34,
25477,2020-03-08,7,478,好地,第三班,1200,80-60,沙螺灣讓賽,"HK$ 1,450,000",全天候跑道,,,,,23.37,22.78,22.88,
25478,2020-03-08,8,479,好地,第三班,1600,80-60,塘福讓賽,"HK$ 1,450,000",草地,C,,,24.35,23.1,24.29,23.23,
25479,2020-03-08,9,480,好地,第二班,1800,105-80,梅窩讓賽,"HK$ 2,100,000",草地,C,,14.41,22.85,23.74,23.21,23.31,
25480,2020-03-08,10,481,好地,第二班,1000,100-80,分流讓賽,"HK$ 2,100,000",草地,C,,,,13,20,22.11,
25481,2020-03-08,11,482,好地,第三班,1200,80-60,昂坪讓賽,"HK$ 1,450,000",草地,C,,,,23.99,22.67,22.55,
25482,2020-03-11,1,483,好地,第五班,1650,40-0,灣仔峽讓賽,"HK$ 725,000",草地,C,,,28.3,23.7,25.82,23.81,
25483,2020-03-11,2,484,好地,第四班,1200,60-40,太原讓賽,"HK$ 967,000",草地,C,,,,23.88,23.18,23.5,
25484,2020-03-11,3,485,好地,第四班,1650,60-40,譚臣讓賽,"HK$ 967,000",草地,C,,,28.47,24.4,24.66,23.7,
25485,2020-03-11,4,486,好地,第四班,1200,60-40,太原讓賽,"HK$ 967,000",草地,C,,,,23.85,22.75,23.86,
25486,2020-03-11,5,487,好地,第三班,1200,80-60,莊士敦讓賽,"HK$ 1,450,000",草地,C,,,,23.4,22.48,23.7,
25487,2020-03-11,6,488,好地,第四班,1650,60-40,譚臣讓賽,"HK$ 967,000",草地,C,,,27.72,23.42,24.34,24.28,
25488,2020-03-11,7,489,好地,第三班,1200,80-60,莊士敦讓賽,"HK$ 1,450,000",草地,C,,,,23.46,22.7,23.71,
25489,2020-03-11,8,490,好地,第三班,1800,80-60,金鐘道讓賽,"HK$ 1,450,000",草地,C,,13.37,22.93,24.62,25.16,23.7,
25490,2020-03-14,1,491,好地,第五班,1200,40-0,五芳讓賽,"HK$ 725,000",草地,C+3,,,24.02,23.06,23.09,24.06,
25491,2020-03-14,2,492,好地,第四班,1200,60-40,崇齡讓賽,"HK$ 967,000",草地,C+3,,,,23.6,23.14,22.76,
25492,2020-03-14,3,493,好地,第四班,1000,60-40,鳳舞讓賽,"HK$ 967,000",草地,C+3,,,,13.26,20.97,22.65,
25493,2020-03-14,4,494,好地,第四班,1400,60-40,四美讓賽,"HK$ 967,000",草地,C+3,,,13.25,21.09,23.4,24.04,
25494,2020-03-14,5,495,好地,第四班,1800,60-35,爵祿讓賽,"HK$ 967,000",全天候跑道,,,13.53,22.42,23.67,24.31,23.8,
25495,2020-03-14,6,496,好地,第三班,1400,80-60,雙喜讓賽,"HK$ 1,450,000",草地,C+3,,,13.49,21.54,23.04,23.52,
25496,2020-03-14,7,497,好地,第三班,1650,85-60,三祝讓賽,"HK$ 1,450,000",全天候跑道,,,,27.89,23.57,23.53,23.31,
25497,2020-03-14,8,498,好地,第一班,1600,95+,龍翔讓賽,"HK$ 2,800,000",草地,C+3,,,24.62,23.56,22.98,22.51,
25498,2020-03-14,9,499,好地,第三班,1200,80-60,大有讓賽,"HK$ 1,450,000",草地,C+3,,,,23.64,22.45,22.85,
25499,2020-03-14,10,500,好地,第三班,1400,80-60,雙喜讓賽,"HK$ 1,450,000",草地,C+3,,,13.53,22.26,23.37,22.27,
25500,2020-03-18,1,501,好地,第五班,2200,40-0,紫藤讓賽,"HK$ 725,000",草地,C+3,13.99,22.96,25.82,24.63,24.51,24.52,
25501,2020-03-18,2,502,好地,第四班,1200,60-40,丹桂讓賽,"HK$ 967,000",草地,C+3,,,,23.59,22.43,23.37,
25502,2020-03-18,3,503,好地,第三班,1000,80-60,高槐讓賽,"HK$ 1,450,000",草地,C+3,,,,12.73,21.5,22.6,
25503,2020-03-18,4,504,好地,第四班,1650,60-40,地錦讓賽,"HK$ 967,000",草地,C+3,,,27.39,22.74,25.35,23.71,
25504,2020-03-18,5,505,好地,第四班,1200,60-40,丹桂讓賽,"HK$ 967,000",草地,C+3,,,,23.96,22.7,23.4,
25505,2020-03-18,6,506,好地,第三班,1650,80-60,玉蘭讓賽,"HK$ 1,450,000",草地,C+3,,,28.14,24.43,24.21,23.18,
25506,2020-03-18,7,507,好地,第三班,1200,80-60,石竹讓賽,"HK$ 1,450,000",草地,C+3,,,,23.59,22.95,23.04,
25507,2020-03-18,8,508,好地,第二班,1200,100-80,海棠讓賽,"HK$ 2,100,000",草地,C+3,,,,23.06,22.76,23.27,
25508,2020-03-22,1,509,好地,第四班,1200,60-40,陽明飛飛讓賽,"HK$ 967,000",草地,A,,,,24.21,22.32,22.94,
25509,2020-03-22,2,510,好地,第四班,1600,60-40,喜蓮福星讓賽,"HK$ 967,000",草地,A,,,24.56,23.56,23.82,22.86,
25510,2020-03-22,3,511,好地,第四班,1200,60-40,極品絲綢讓賽,"HK$ 967,000",草地,A,,,,24.02,22.59,22.23,
25511,2020-03-22,4,512,好地,第四班,1400,60-40,平海福星讓賽,"HK$ 967,000",草地,A,,,13.31,21.84,23.21,23.4,
25512,2020-03-22,5,513,好地,第三班,1200,80-60,威爾頓讓賽,"HK$ 1,450,000",草地,A,,,,23.79,22.87,22.55,
25513,2020-03-22,6,514,好地至快地,第三班,2000,85-60,事事為王讓賽,"HK$ 1,450,000",草地,A,,24.99,24.13,24.12,23.93,23.26,
25514,2020-03-22,7,515,好地至快地,第三班,1200,80-60,戰利品讓賽,"HK$ 1,450,000",草地,A,,,,23.48,22.59,22.48,
25515,2020-03-22,8,516,好地至快地,四歲,2000,,寶馬香港打吡大賽2020,"HK$ 20,000,000",草地,A,,25.05,23.93,25.23,23.31,22.63,
25516,2020-03-22,9,517,好地至快地,第三班,1400,80-60,閒話一句讓賽,"HK$ 1,450,000",草地,A,,,13.74,22.14,23.6,22.5,
25517,2020-03-22,10,518,好地至快地,第二班,1400,100-80,佳龍駒讓賽,"HK$ 2,100,000",草地,A,,,13.45,22.68,22.73,22.23,
25518,2020-03-25,1,519,好地,第五班,1650,40-0,瀑布灣讓賽,"HK$ 725,000",草地,A,,,27.21,24.31,24.54,24.21,
25519,2020-03-25,2,520,好地,第四班,1650,60-40,田灣讓賽,"HK$ 967,000",草地,A,,,27.82,24.73,23.35,24.46,
25520,2020-03-25,3,521,好地,第四班,1000,60-40,沙灣讓賽,"HK$ 967,000",草地,A,,,,12.76,21.62,23.29,
25521,2020-03-25,4,522,好地,第四班,1650,60-40,田灣讓賽,"HK$ 967,000",草地,A,,,28.03,24.35,24.27,24.09,
25522,2020-03-25,5,523,好地,第四班,1200,60-40,石排灣讓賽,"HK$ 967,000",草地,A,,,,23.56,22.85,23.98,
25523,2020-03-25,6,524,好地,第三班,1200,80-60,鋼線灣讓賽,"HK$ 1,450,000",草地,A,,,,23.67,22.37,23.32,
25524,2020-03-25,7,525,好地,第三班,1650,80-60,布廠灣讓賽,"HK$ 1,450,000",草地,A,,,27.78,24.1,23.92,24.18,
25525,2020-03-25,8,526,好地,第三班,1200,80-60,鋼線灣讓賽,"HK$ 1,450,000",草地,A,,,,23.65,22.68,23.24,
25526,2020-03-29,1,527,好地,第五班,1400,40-0,元州讓賽,"HK$ 725,000",草地,A+3,,,13.46,21.72,24.21,23.8,
25527,2020-03-29,2,528,好地,第四班,2000,60-40,大坑東讓賽,"HK$ 967,000",草地,A+3,,26.01,24.15,24.07,24.45,23.77,
25528,2020-03-29,3,529,好地,第三班,1200,80-60,麗閣讓賽,"HK$ 1,450,000",草地,A+3,,,,23.81,22.46,23.4,
25529,2020-03-29,4,530,好地,第四班,1400,60-40,蘇屋讓賽,"HK$ 967,000",草地,A+3,,,13.21,22.4,23.17,23.77,
25530,2020-03-29,5,531,好地,第四班,1200,60-40,石硤尾讓賽,"HK$ 967,000",草地,A+3,,,,23.4,22.71,24.14,
25531,2020-03-29,6,532,好地,第四班,1400,60-40,蘇屋讓賽,"HK$ 967,000",草地,A+3,,,13.45,21.56,23.46,24.37,
25532,2020-03-29,7,533,好地,第三班,1000,80-60,長沙灣讓賽,"HK$ 1,450,000",草地,A+3,,,,13.06,20.64,22.7,
25533,2020-03-29,8,534,好地,第三班,1400,80-60,南山讓賽,"HK$ 1,450,000",草地,A+3,,,13.35,21.56,23.73,23.77,
25534,2020-03-29,9,535,好地,第三班,1600,85-60,白田讓賽,"HK$ 1,450,000",草地,A+3,,,24.37,23.1,23.73,24.05,
25535,2020-03-29,10,536,好地,第二班,1200,100-80,澤安讓賽,"HK$ 2,100,000",草地,A+3,,,,23.54,22.79,22.98,
25536,2020-04-01,1,537,濕慢地,第五班,1200,40-0,銀鑛灣讓賽,"HK$ 725,000",全天候跑道,,,,23.28,22.5,24.27,22.27,
25537,2020-04-01,2,538,濕慢地,第四班,1200,60-40,橋咀讓賽,"HK$ 967,000",全天候跑道,,,,,23.15,22.39,23.93,
25538,2020-04-01,3,539,濕慢地,第五班,1650,40-0,東灣讓賽,"HK$ 725,000",全天候跑道,,,,27.36,23.07,24.09,25.16,
25539,2020-04-01,4,540,濕慢地,第四班,1200,60-40,橋咀讓賽,"HK$ 967,000",全天候跑道,,,,,23.29,22.09,24.09,
25540,2020-04-01,5,541,濕慢地,第四班,1650,60-40,貝澳讓賽,"HK$ 967,000",全天候跑道,,,,27.55,22.48,24.62,24.74,
25541,2020-04-01,6,542,濕慢地,第三班,1200,80-60,清水灣讓賽,"HK$ 1,450,000",全天候跑道,,,,,23.2,22.01,23.33,
25542,2020-04-01,7,543,濕慢地,第三班,1800,80-60,廈門灣讓賽,"HK$ 1,450,000",全天候跑道,,,13.76,22.65,23.54,23.92,23.67,
25543,2020-04-01,8,544,濕慢地,第二班,1650,100-80,長沙讓賽,"HK$ 2,100,000",全天候跑道,,,,27.66,22.23,23.46,24.56,
25544,2020-04-05,1,545,好地,第四班,1000,60-40,貝璐讓賽,"HK$ 967,000",草地,B+2,,,,13.39,20.86,22.84,
25545,2020-04-05,2,546,好地,第三班,1200,80-60,堪仕達讓賽,"HK$ 1,450,000",草地,B+2,,,,24.1,22.75,22.76,
25546,2020-04-05,3,547,好地,國際二級賽,1600,,主席錦標,"HK$ 4,250,000",草地,B+2,,,25.07,23,22.68,22.74,
25547,2020-04-05,4,548,好地,第四班,1400,60-40,普樂讓賽,"HK$ 967,000",草地,B+2,,,13.53,21.62,23.71,23.91,
25548,2020-04-05,5,549,好地,第一班,2000,110-85,夏力讓賽,"HK$ 2,800,000",草地,B+2,,26.29,24.13,23.65,23.85,23.45,
25549,2020-04-05,6,550,好地,第四班,1600,60-40,施勳讓賽,"HK$ 967,000",草地,B+2,,,24.57,22.68,24.31,24.06,
25550,2020-04-05,7,551,好地,國際二級賽,1200,,短途錦標,"HK$ 4,250,000",草地,B+2,,,,24.27,22.29,22.92,
25551,2020-04-05,8,552,好地,第四班,1200,60-40,種植讓賽,"HK$ 967,000",草地,B+2,,,,24.03,22.65,23.42,
25552,2020-04-05,9,553,好地,第三班,1200,80-60,堪仕達讓賽,"HK$ 1,450,000",草地,B+2,,,,23.56,22.76,23.26,
25553,2020-04-05,10,554,好地,第三班,1400,80-60,盧吉讓賽,"HK$ 1,450,000",草地,B+2,,,13.39,22.01,23.9,23.44,
25554,2020-04-08,1,555,好地,第四班,1800,60-40,漁灣讓賽,"HK$ 967,000",草地,B,,13.6,22.81,24.18,24.46,24.2,
25555,2020-04-08,2,556,好地,第四班,1650,60-40,耀東讓賽,"HK$ 967,000",草地,B,,,27.36,23.32,24.62,24.46,
25556,2020-04-08,3,557,好地,第四班,1200,60-40,環翠讓賽,"HK$ 967,000",草地,B,,,,24.01,22.82,23.62,
25557,2020-04-08,4,558,好地,第四班,1200,60-40,環翠讓賽,"HK$ 967,000",草地,B,,,,23.46,23.37,23.39,
25558,2020-04-08,5,559,好地,第三班,1200,80-60,康東讓賽,"HK$ 1,450,000",草地,B,,,,23.81,22.48,23.13,
25559,2020-04-08,6,560,好地,第三班,1000,80-60,興華讓賽,"HK$ 1,450,000",草地,B,,,,12.65,21.5,22.64,
25560,2020-04-08,7,561,好地,第三班,1650,80-60,愛東讓賽,"HK$ 1,450,000",草地,B,,,28.07,24.02,24.12,23.68,
25561,2020-04-08,8,562,好地,第二班,1000,100-80,興民讓賽,"HK$ 2,100,000",草地,B,,,,12.4,21.42,22.84,
25562,2020-04-12,1,563,好地,新馬賽,1000,,油麻地平磅賽,"HK$ 850,000",草地,C,,,,13.73,21.29,23.62,
25563,2020-04-12,2,564,好地,第五班,1000,40-0,大角咀讓賽,"HK$ 725,000",草地,C,,,,13.25,21.14,23.34,
25564,2020-04-12,3,565,好地,第五班,1800,40-0,尖沙咀讓賽,"HK$ 725,000",草地,C,,13.67,22.32,24.06,23.67,24.03,
25565,2020-04-12,4,566,好地,第四班,1200,60-40,京士柏讓賽,"HK$ 967,000",草地,C,,,,23.93,22.73,22.81,
25566,2020-04-12,5,567,好地,第四班,1400,60-40,旺角讓賽,"HK$ 967,000",草地,C,,,13.03,21.08,23.37,24.68,
25567,2020-04-12,6,568,好地,第四班,1200,60-40,京士柏讓賽,"HK$ 967,000",草地,C,,,,23.57,22.17,23.78,
25568,2020-04-12,7,569,好地,第四班,1400,60-40,旺角讓賽,"HK$ 967,000",草地,C,,,13.32,21.61,23.01,24.12,
25569,2020-04-12,8,570,好地,第三班,1800,80-60,佐敦讓賽,"HK$ 1,450,000",草地,C,,13.65,21.62,23.48,23.84,24.26,
25570,2020-04-12,9,571,好地,第三班,1000,80-60,何文田讓賽,"HK$ 1,450,000",草地,C,,,,13.03,20.42,22.54,
25571,2020-04-12,10,572,好地,第三班,1400,80-60,紅磡讓賽,"HK$ 1,450,000",草地,C,,,13.29,21.17,23.23,23.58,
25572,2020-04-12,11,573,好地,第二班,1400,100-80,柯士甸讓賽,"HK$ 2,100,000",草地,C,,,13.21,21.29,22.76,23.48,
25573,2020-04-15,1,574,好地,第五班,1650,40-0,胡桃木讓賽,"HK$ 725,000",草地,C,,,27.53,23.57,24.7,24.12,
25574,2020-04-15,2,575,好地,第四班,1200,60-40,洋松讓賽,"HK$ 967,000",草地,C,,,,23.9,23.7,22.52,
25575,2020-04-15,3,576,好地,第四班,1650,60-40,雲杉讓賽,"HK$ 967,000",草地,C,,,27.77,23.53,25.02,23.79,
25576,2020-04-15,4,577,好地,第四班,1200,60-40,洋松讓賽,"HK$ 967,000",草地,C,,,,23.67,23,23.01,
25577,2020-04-15,5,578,好地,第四班,1200,60-40,洋松讓賽,"HK$ 967,000",草地,C,,,,23.62,22.45,23.66,
25578,2020-04-15,6,579,好地,第三班,1200,80-60,柏樹讓賽,"HK$ 1,450,000",草地,C,,,,23.42,22.51,23.24,
25579,2020-04-15,7,580,好地,第三班,1650,80-60,蒲葵讓賽,"HK$ 1,450,000",草地,C,,,28.24,24.87,23.6,23.3,
25580,2020-04-15,8,581,好地,第三班,1200,80-60,柏樹讓賽,"HK$ 1,450,000",草地,C,,,,23.6,22.57,23.16,
25581,2020-04-15,9,582,好地,第二班,1800,100-80,雪松讓賽,"HK$ 2,100,000",草地,C,,13.79,22.99,24.76,23.67,23.23,
25582,2020-04-19,1,583,好地,第五班,1400,40-0,窩打老讓賽,"HK$ 725,000",草地,C+3,,13.63,21.79,23.71,23.18,23.23,
25583,2020-04-19,2,584,好地,第四班,1800,60-40,沙福讓賽,"HK$ 967,000",草地,C+3,,13.85,22.09,23.56,24.32,23.62,
25584,2020-04-19,3,585,好地,第四班,1650,60-40,森麻實讓賽,"HK$ 967,000",全天候跑道,,,,28.19,24.12,23.15,23.21,
25585,2020-04-19,4,586,好地,第三班,1650,80-60,雅息士讓賽,"HK$ 1,450,000",全天候跑道,,,,27.63,23.1,23.82,23.43,
25586,2020-04-19,5,587,好地,第四班,1200,60-40,根德讓賽,"HK$ 967,000",全天候跑道,,,,,23.42,21.95,23.19,
25587,2020-04-19,6,588,好地,第四班,1400,60-40,羅福讓賽,"HK$ 967,000",草地,C+3,,,13.81,22.32,23.18,22.8,
25588,2020-04-19,7,589,好地,第三班,1200,80-60,金巴倫讓賽,"HK$ 1,450,000",草地,C+3,,,,23.53,22.46,22.67,
25589,2020-04-19,8,590,好地,第三班,1200,80-60,德雲讓賽,"HK$ 1,450,000",全天候跑道,,,,,23.74,22.54,22.59,
25590,2020-04-19,9,591,好地,第二班,1200,100-80,歌和老讓賽,"HK$ 2,100,000",全天候跑道,,,,,23.6,21.26,22.41,
25591,2020-04-19,10,592,好地,第三班,1400,80-60,多實讓賽,"HK$ 1,450,000",草地,C+3,,,13.39,21.15,22.93,23.65,
25592,2020-04-22,1,593,好地,第五班,1200,40-0,鬱金香讓賽,"HK$ 725,000",草地,C+3,,,,24.2,22.85,23.34,
25593,2020-04-22,2,594,好地,第四班,1200,60-40,黄水仙讓賽,"HK$ 967,000",草地,C+3,,,,23.95,22.86,23.85,
25594,2020-04-22,3,595,好地,第三班,2200,85-60,石楠讓賽,"HK$ 1,450,000",草地,C+3,14.4,23.49,24.15,24.35,23.9,25.11,
25595,2020-04-22,4,596,好地,第四班,1650,60-40,金盞花讓賽,"HK$ 967,000",草地,C+3,,,28.24,24.01,23.71,24.08,
25596,2020-04-22,5,597,好地,第四班,1000,60-40,蝴蝶花讓賽,"HK$ 967,000",草地,C+3,,,,12.73,21.86,23.09,
25597,2020-04-22,6,598,好地至黏地,第四班,1650,60-40,金盞花讓賽,"HK$ 967,000",草地,C+3,,,27.86,23.18,24.48,24.7,
25598,2020-04-22,7,599,好地至黏地,第四班,1200,60-40,黄水仙讓賽,"HK$ 967,000",草地,C+3,,,,24.12,23.32,24.01,
25599,2020-04-22,8,600,好地至黏地,第三班,1200,80-60,番紅花讓賽,"HK$ 1,450,000",草地,C+3,,,,23.62,23.35,24.28,
25600,2020-04-22,9,601,好地至黏地,第三班,1000,80-60,矢車菊讓賽,"HK$ 1,450,000",草地,C+3,,,,12.67,21.78,23.29,
25601,2020-04-26,1,602,好地,第四班,1400,60-40,步步穩讓賽,"HK$ 967,000",草地,A,,,13.65,21.81,23.03,23.35,
25602,2020-04-26,2,603,好地,第三班,1200,80-60,靚蝦王讓賽,"HK$ 1,450,000",草地,A,,,,23.42,23.06,22.7,
25603,2020-04-26,3,604,好地,第四班,1200,60-40,奔騰讓賽,"HK$ 967,000",草地,A,,,,23.62,22.59,23.19,
25604,2020-04-26,4,605,好地,第三班,1600,80-60,駿河讓賽,"HK$ 1,450,000",草地,A,,,24.59,22.17,24.49,23.17,
25605,2020-04-26,5,606,好地,國際一級賽,1200,,主席短途獎,"HK$ 18,000,000",草地,A,,,,23.23,22.21,22.96,
25606,2020-04-26,6,607,好地,第三班,1400,80-60,爪皇凌雨讓賽,"HK$ 1,450,000",草地,A,,,13.57,21.61,23.15,23.18,
25607,2020-04-26,7,608,好地,國際一級賽,1600,,富衛保險冠軍一哩賽,"HK$ 20,000,000",草地,A,,,24.56,23.14,23.32,22.11,
25608,2020-04-26,8,609,好地,國際一級賽,2000,,富衛保險女皇盃,"HK$ 25,000,000",草地,A,,25.94,24.7,22.71,22.7,23.95,
25609,2020-04-26,9,610,好地,第二班,1200,105-80,精英大師讓賽,"HK$ 2,100,000",草地,A,,,,23.31,22.67,22.62,
25610,2020-04-26,10,611,好地,第二班,1600,105-80,牛精福星讓賽,"HK$ 2,100,000",草地,A,,,24.24,23.09,23.87,23.06,
25611,2020-04-29,1,612,好地,第四班,2200,60-40,大坑讓賽,"HK$ 967,000",草地,A,14.42,23.74,24.71,25.66,23.62,23.91,
25612,2020-04-29,2,613,好地至快地,第五班,1800,40-0,灣仔讓賽,"HK$ 725,000",草地,A,,13.43,22.71,24.87,24.31,24.01,
25613,2020-04-29,3,614,好地至快地,第四班,1650,60-40,鰂魚涌讓賽,"HK$ 967,000",草地,A,,,28.21,24.24,24.1,23.62,
25614,2020-04-29,4,615,好地至快地,第四班,1200,60-40,北角讓賽,"HK$ 967,000",草地,A,,,,23.4,22.37,24.21,
25615,2020-04-29,5,616,好地至快地,第四班,1200,60-40,北角讓賽,"HK$ 967,000",草地,A,,,,23.71,22.87,22.95,
25616,2020-04-29,6,617,好地至快地,第三班,1650,80-60,炮台山讓賽,"HK$ 1,450,000",草地,A,,,27.58,24.18,24.77,23.57,
25617,2020-04-29,7,618,好地至快地,第三班,1200,80-60,銅鑼灣讓賽,"HK$ 1,450,000",草地,A,,,,23.45,22.79,23.16,
25618,2020-04-29,8,619,好地至快地,第三班,1650,80-60,炮台山讓賽,"HK$ 1,450,000",草地,A,,,27.94,23.62,24.31,23.78,
25619,2020-04-29,9,620,好地至快地,第三班,1200,80-60,銅鑼灣讓賽,"HK$ 1,450,000",草地,A,,,,23.6,22.7,23.11,
25620,2020-05-03,1,621,好地,新馬賽,1000,,淘金者平磅賽,"HK$ 850,000",草地,B,,,,13.76,20.9,22,
25621,2020-05-03,2,622,好地,第五班,1200,40-0,奇貨讓賽,"HK$ 725,000",全天候跑道,,,,,23.59,22.2,23.9,
25622,2020-05-03,3,623,好地,國際三級賽,2400,,皇太后紀念盃（讓賽）,"HK$ 3,250,000",草地,B,26.43,25.1,25.77,24.16,22.45,23.14,
25623,2020-05-03,4,624,好地,第四班,1000,60-40,曼島讓賽,"HK$ 967,000",草地,B,,,,13.1,20.7,21.99,
25624,2020-05-03,5,625,好地至快地,第三班,1200,80-60,酒味脆餅讓賽,"HK$ 1,450,000",草地,B,,,,23.54,22.25,22.91,
25625,2020-05-03,6,626,好地,第四班,1200,60-40,萬利廄讓賽,"HK$ 967,000",全天候跑道,,,,,23.68,21.76,23.41,
25626,2020-05-03,7,627,好地至快地,第四班,1600,60-40,諾曼征服讓賽,"HK$ 967,000",草地,B,,,24.13,22.34,23.45,24.17,
25627,2020-05-03,8,628,好地至快地,第三班,2000,80-60,寶島讓賽,"HK$ 1,450,000",草地,B,,25.74,23.93,23.85,24.01,22.84,
25628,2020-05-03,9,629,好地至快地,第四班,1400,60-40,蒙魯連平讓賽,"HK$ 967,000",草地,B,,,13.37,21.75,23.21,23.39,
25629,2020-05-03,10,630,好地,第三班,1200,80-60,果敢精神讓賽,"HK$ 1,450,000",全天候跑道,,,,,23.6,21.95,22.95,
25630,2020-05-03,11,631,好地至快地,第三班,1400,80-60,英奇阿倫讓賽,"HK$ 1,450,000",草地,B,,,13.56,21.89,23.04,22.94,
25631,2020-05-06,1,632,好地,第四班,1200,60-40,菖蒲讓賽,"HK$ 967,000",草地,B,,,23.81,22.62,23.59,22.94,
25632,2020-05-06,2,633,好地,第四班,1650,60-40,蓮花讓賽,"HK$ 967,000",草地,B,,,28.08,23.52,24.04,23.8,
25633,2020-05-06,3,634,好地至快地,第四班,1200,60-40,菖蒲讓賽,"HK$ 967,000",草地,B,,,,23.6,22.59,23.54,
25634,2020-05-06,4,635,好地至快地,第四班,1650,60-40,蓮花讓賽,"HK$ 967,000",草地,B,,,27.75,23.01,24.17,24.74,
25635,2020-05-06,5,636,好地至快地,第四班,1200,60-40,菖蒲讓賽,"HK$ 967,000",草地,B,,,,23.68,22.54,24.04,
25636,2020-05-06,6,637,好地至快地,第三班,1000,80-60,康乃馨讓賽,"HK$ 1,450,000",草地,B,,,,12.54,21.36,22.59,
25637,2020-05-06,7,638,好地至快地,第三班,1650,80-60,洋甘菊讓賽,"HK$ 1,450,000",草地,B,,,27.75,24.15,24.32,23.63,
25638,2020-05-06,8,639,好地至快地,第三班,1200,80-60,雞冠花讓賽,"HK$ 1,450,000",草地,B,,,,23.4,22,23.93,
25639,2020-05-06,9,640,好地至快地,第二班,1650,100-80,山茶讓賽,"HK$ 2,100,000",草地,B,,,27.61,22.78,24.32,24.44,
25640,2020-05-09,1,641,好地至快地,第四班,1200,60-40,橄欖石讓賽,"HK$ 967,000",草地,C,,,24.13,22.11,22.84,24.44,
25641,2020-05-09,2,642,好地,第三班,1650,80-60,碧玉讓賽,"HK$ 1,450,000",全天候跑道,,,,27.85,23.21,24.06,23.57,
25642,2020-05-09,3,643,好地至快地,第四班,1200,60-40,橄欖石讓賽,"HK$ 967,000",草地,C,,,,23.73,22.23,23.37,
25643,2020-05-09,4,644,好地至快地,第五班,1600,40-0,黃寶石讓賽,"HK$ 725,000",草地,C,,,24.02,23.26,24.65,23.47,
25644,2020-05-09,5,645,好地至快地,第四班,1800,60-40,藍寶石讓賽,"HK$ 967,000",草地,C,,13.81,22.31,23.15,24.26,24.07,
25645,2020-05-09,6,646,好地,第四班,1650,60-40,紅寶石讓賽,"HK$ 967,000",全天候跑道,,,,27.36,23.2,24.84,23.71,
25646,2020-05-09,7,647,好地至快地,第三班,1200,80-60,水晶讓賽,"HK$ 1,450,000",草地,C,,,,24.21,22.45,22.6,
25647,2020-05-09,8,648,好地至快地,第二班,1000,100-80,紫晶讓賽,"HK$ 2,100,000",草地,C,,,,12.84,19.89,22.35,
25648,2020-05-09,9,649,好地至快地,第一班,1400,110-85,琥珀讓賽,"HK$ 2,800,000",草地,C,,,13.39,21.75,22.64,23.1,
25649,2020-05-09,10,650,好地至快地,第三班,1400,85-60,綠寶石讓賽,"HK$ 1,450,000",草地,C,,,13.21,22.17,22.96,23.05,
25650,2020-05-13,1,651,好地,第五班,1200,40-0,小馬山讓賽,"HK$ 725,000",草地,C,,,23.6,22.81,24.06,23.05,
25651,2020-05-13,2,652,好地,第四班,1650,60-40,砵甸乍山讓賽,"HK$ 967,000",草地,C,,,27.3,22.96,24.7,24.22,
25652,2020-05-13,3,653,好地,第五班,1200,40-0,小馬山讓賽,"HK$ 725,000",草地,C,,,,23.93,23.1,23.45,
25653,2020-05-13,4,654,好地,第四班,1200,60-40,奇力山讓賽,"HK$ 967,000",草地,C,,,,24.03,23.35,22.76,
25654,2020-05-13,5,655,好地,第四班,1000,60-40,歌連臣山讓賽,"HK$ 967,000",草地,C,,,,12.82,21.84,22.86,
25655,2020-05-13,6,656,好地,第三班,1200,80-60,長連山讓賽,"HK$ 1,450,000",草地,C,,,,23.7,22.61,23.27,
25656,2020-05-13,7,657,好地,第三班,1200,80-60,長連山讓賽,"HK$ 1,450,000",草地,C,,,,23.82,23.07,23.04,
25657,2020-05-13,8,658,好地,第三班,1800,80-60,孖崗山讓賽,"HK$ 1,450,000",草地,C,,13.93,22.64,23.98,24.55,23.98,
25658,2020-05-13,9,659,好地,第三班,1650,80-60,鶴咀山讓賽,"HK$ 1,450,000",草地,C,,,27.58,23.65,24.74,24.03,
25659,2020-05-17,1,660,好地至快地,第五班,2200,40-0,榕樹澳讓賽,"HK$ 725,000",草地,C+3,13.74,23.09,26.65,25.88,22.93,23.84,
25660,2020-05-17,2,661,好地至快地,第四班,1000,60-40,大網仔讓賽,"HK$ 967,000",草地,C+3,,,,12.9,20.58,22.53,
25661,2020-05-17,3,662,好地至快地,第四班,1200,60-40,黃竹灣讓賽,"HK$ 967,000",草地,C+3,,,,24.15,23.24,22.28,
25662,2020-05-17,4,663,好地至快地,第四班,1400,60-40,黃麻地讓賽,"HK$ 967,000",草地,C+3,,,13.43,22.42,22.79,23.23,
25663,2020-05-17,5,664,好地至快地,第四班,1400,60-40,黃麻地讓賽,"HK$ 967,000",草地,C+3,,,13.45,22.4,23.09,22.6,
25664,2020-05-17,6,665,好地至快地,第三班,1000,80-60,荔枝莊讓賽,"HK$ 1,450,000",草地,C+3,,,,12.9,20.17,22.17,
25665,2020-05-17,7,666,好地至快地,第三班,1600,80-60,水浪窩讓賽,"HK$ 1,450,000",草地,C+3,,,24.31,22.7,24.32,22.95,
25666,2020-05-17,8,667,好地至快地,第二班,1800,100-80,海下讓賽,"HK$ 2,100,000",草地,C+3,,14.17,22.89,24.65,22.81,22.97,
25667,2020-05-17,9,668,好地至快地,第三班,1400,80-60,深涌讓賽,"HK$ 1,450,000",草地,C+3,,,13.35,21.59,23.03,23.06,
25668,2020-05-17,10,669,好地至快地,第三班,1200,80-60,白沙澳讓賽,"HK$ 1,450,000",草地,C+3,,,,24.1,22.42,22.37,
25669,2020-05-20,1,670,好地,第四班,1200,60-40,山貝河讓賽,"HK$ 967,000",草地,C+3,,,,23.53,23.37,23.12,
25670,2020-05-20,2,671,好地至快地,第四班,1800,60-40,丹山河讓賽,"HK$ 967,000",草地,C+3,,13.62,22.53,23.74,24.16,24.54,
25671,2020-05-20,3,672,好地至快地,第四班,1650,60-35,大城石澗讓賽,"HK$ 967,000",草地,C+3,,,28.08,23.85,23.73,23.57,
25672,2020-05-20,4,673,好地至快地,第三班,1000,80-60,錦田河讓賽,"HK$ 1,450,000",草地,C+3,,,,12.39,21.53,22.46,
25673,2020-05-20,5,674,好地至快地,第四班,1200,60-40,山貝河讓賽,"HK$ 967,000",草地,C+3,,,,23.45,22.9,23.6,
25674,2020-05-20,6,675,好地至快地,第四班,1200,60-40,山貝河讓賽,"HK$ 967,000",草地,C+3,,,,23.46,23.23,23.05,
25675,2020-05-20,7,676,好地至快地,第三班,1650,80-60,南涌河讓賽,"HK$ 1,450,000",草地,C+3,,,27.72,23.53,24.29,23.48,
25676,2020-05-20,8,677,好地至快地,第三班,1200,80-60,林村河讓賽,"HK$ 1,450,000",草地,C+3,,,,23.42,22.62,23.22,
25677,2020-05-20,9,678,好地至快地,第二班,1200,100-80,蠔涌河讓賽,"HK$ 2,100,000",草地,C+3,,,,23.15,22.12,23.51,
25678,2020-05-24,1,679,好地,新馬賽,1200,,巴基之星平磅賽,"HK$ 850,000",草地,A,,,,25.21,23.07,22.5,
25679,2020-05-24,2,680,好地,第四班,1400,60-40,智多飛讓賽,"HK$ 967,000",草地,A,,,13.45,21.98,23.29,23.15,
25680,2020-05-24,3,681,好地,第四班,1600,60-40,火龍駒讓賽,"HK$ 967,000",草地,A,,,24.31,22.34,24.18,23.77,
25681,2020-05-24,4,682,好地,國際三級賽,1200,,沙田銀瓶（讓賽）,"HK$ 3,250,000",草地,A,,,,24.79,21.97,22.2,
25682,2020-05-24,5,683,好地,第三班,1200,80-60,明月千里讓賽,"HK$ 1,450,000",草地,A,,,,23.63,22.67,22.45,
25683,2020-05-24,6,684,好地,第四班,1200,60-40,好先生讓賽,"HK$ 967,000",草地,A,,,,23.54,22.26,23.65,
25684,2020-05-24,7,685,好地,第四班,1200,60-40,喜蓮巨星讓賽,"HK$ 967,000",草地,A,,,,23.34,22.67,23.49,
25685,2020-05-24,8,686,好地,國際一級賽,2400,,渣打冠軍暨遮打盃,"HK$ 10,000,000",草地,A,24.65,23.29,25.77,24.06,23.6,24.64,
25686,2020-05-24,9,687,好地,第三班,1800,80-60,將男讓賽,"HK$ 1,450,000",草地,A,,13.84,22.68,23.59,23.28,23.98,
25687,2020-05-24,10,688,好地,第三班,1400,80-60,加州萬里讓賽,"HK$ 1,450,000",草地,A,,,13.73,21.4,22.85,23.17,
25688,2020-05-24,11,689,好地,第二班,1400,100-80,爆冷讓賽,"HK$ 2,100,000",草地,A,,,13.28,21.64,23.29,23.03,
25689,2020-05-27,1,690,濕慢地,第四班,1200,60-40,海鷗讓賽,"HK$ 967,000",全天候跑道,,,,23.14,21.93,23.45,23.03,
25690,2020-05-27,2,691,好地,第五班,1800,40-0,天鵝讓賽,"HK$ 725,000",全天候跑道,,,13.63,22.48,23.81,24.45,25.1,
25691,2020-05-27,3,692,好地,第四班,1200,60-40,海鷗讓賽,"HK$ 967,000",全天候跑道,,,,,23.32,21.95,23.46,
25692,2020-05-27,4,693,好地,第二班,1650,100-80,白鷺讓賽,"HK$ 2,100,000",全天候跑道,,,,27.94,22.92,23.12,22.77,
25693,2020-05-27,5,694,好地,第四班,1200,60-40,海鷗讓賽,"HK$ 967,000",全天候跑道,,,,,23.01,21.95,24.07,
25694,2020-05-27,6,695,好地,第三班,1200,80-60,紅鶴讓賽,"HK$ 1,450,000",全天候跑道,,,,,23.45,22.03,23.6,
25695,2020-05-27,7,696,好地,第四班,1650,60-40,琵鷺讓賽,"HK$ 967,000",全天候跑道,,,,27.69,22.71,23.67,24.24,
25696,2020-05-27,8,697,好地,第三班,1200,80-60,紅鶴讓賽,"HK$ 1,450,000",全天候跑道,,,,,22.73,21.68,24.2,
25697,2020-05-27,9,698,好地,第三班,1650,80-60,孔雀讓賽,"HK$ 1,450,000",全天候跑道,,,,28.1,22.9,23.38,23.45,
25698,2020-05-31,1,699,好地,第五班,1400,40-0,慈雲山讓賽,"HK$ 725,000",草地,B,,,13.35,22.5,23.43,23.13,
25699,2020-05-31,2,700,好地,第五班,1400,40-0,慈雲山讓賽,"HK$ 725,000",草地,B,,,13.28,22.11,23.31,24.04,
25700,2020-05-31,3,701,好地,第四班,1000,60-40,琵琶山讓賽,"HK$ 967,000",草地,B,,,,12.9,20.59,22.1,
25701,2020-05-31,4,702,好地,第三班,1200,80-60,尖山讓賽,"HK$ 1,450,000",草地,B,,,,23.62,22.14,23.38,
25702,2020-05-31,5,703,好地,第四班,1200,60-40,沙田嶺讓賽,"HK$ 967,000",草地,B,,,,24.09,22.61,22.69,
25703,2020-05-31,6,704,好地,第四班,1400,60-40,沙田坳讓賽,"HK$ 967,000",草地,B,,,13.57,21.65,23.01,23.86,
25704,2020-05-31,7,705,好地,第四班,2000,60-40,大老山讓賽,"HK$ 967,000",草地,B,,25.58,24.59,25.07,23.35,23.3,
25705,2020-05-31,8,706,好地,第三班,1200,80-60,尖山讓賽,"HK$ 1,450,000",草地,B,,,,23.6,22.42,22.92,
25706,2020-05-31,9,707,好地,國際三級賽,1600,,獅子山錦標（讓賽）,"HK$ 3,250,000",草地,B,,,24.4,23.37,22.4,22.78,
25707,2020-05-31,10,708,好地,第三班,1400,80-60,紅梅谷讓賽,"HK$ 1,450,000",草地,B,,,13.57,21.98,22.98,22.91,
25708,2020-05-31,11,709,好地,第二班,1200,100-80,望夫石讓賽,"HK$ 2,100,000",草地,B,,,,23.23,21.86,23.14,
25709,2020-06-03,1,710,好地,第三班,2200,80-60,奧卑利讓賽,"HK$ 1,450,000",草地,A,14.85,25.85,26.16,25.8,23.35,22.57,
25710,2020-06-03,2,711,好地,第四班,1200,60-40,士丹頓讓賽,"HK$ 967,000",草地,A,,,,23.71,22.79,23.57,
25711,2020-06-03,3,712,好地,第四班,1650,60-40,雲咸讓賽,"HK$ 967,000",草地,A,,,27.52,23.51,24.63,24.03,
25712,2020-06-03,4,713,好地,第四班,1200,60-40,士丹頓讓賽,"HK$ 967,000",草地,A,,,,23.46,22.39,24.11,
25713,2020-06-03,5,714,好地,第四班,1650,60-40,雲咸讓賽,"HK$ 967,000",草地,A,,,27.94,24.17,24.15,24.18,
25714,2020-06-03,6,715,好地,第四班,1000,60-40,些利讓賽,"HK$ 967,000",草地,A,,,,12.51,21.25,23.2,
25715,2020-06-03,7,716,好地,第二班,1800,100-80,閣麟讓賽,"HK$ 2,100,000",草地,A,,13.62,22.43,24.84,24.35,23.51,
25716,2020-06-03,8,717,好地,第三班,1650,80-60,擺花讓賽,"HK$ 1,450,000",草地,A,,,27.6,23.68,24.24,24.22,
25717,2020-06-03,9,718,好地,第三班,1200,80-60,嘉咸讓賽,"HK$ 1,450,000",草地,A,,,,23.23,22.36,23.72,
25718,2020-06-07,1,719,黏地,第五班,1200,40-0,湖景讓賽,"HK$ 725,000",草地,C,,,,23.56,22.32,24.67,
25719,2020-06-07,2,720,黏地,第四班,1200,60-40,寶田讓賽,"HK$ 967,000",草地,C,,,,23.81,22.21,23.96,
25720,2020-06-07,3,721,黏地,第四班,1200,60-40,寶田讓賽,"HK$ 967,000",草地,C,,,,23.93,22.73,22.85,
25721,2020-06-07,4,722,黏地,第五班,1800,40-0,友愛讓賽,"HK$ 725,000",草地,C,,13.87,22.18,24.9,24.43,24.26,
25722,2020-06-07,5,723,黏地,第四班,1600,60-40,大興讓賽,"HK$ 967,000",草地,C,,,24.41,22.48,24.27,24.54,
25723,2020-06-07,6,724,黏地,第四班,1400,60-40,三聖讓賽,"HK$ 967,000",草地,C,,,13.38,21.33,23.65,24.16,
25724,2020-06-07,7,725,黏地,第三班,1000,80-60,富泰讓賽,"HK$ 1,450,000",草地,C,,,,13.26,20.67,23.17,
25725,2020-06-07,8,726,黏地,第三班,1400,80-60,龍逸讓賽,"HK$ 1,450,000",草地,C,,,13.45,21.56,23.43,24.39,
25726,2020-06-07,9,727,黏地,第三班,1600,80-60,安定讓賽,"HK$ 1,450,000",草地,C,,,24.21,23.03,23.67,24.72,
25727,2020-06-07,10,728,黏地,第二班,1400,100-80,蝴蝶讓賽,"HK$ 2,100,000",草地,C,,,13.32,21.29,23.31,24.37,
25728,2020-06-10,1,729,好地,第四班,1200,60-40,聯福讓賽,"HK$ 967,000",草地,B,,,,23.79,22.82,23.24,
25729,2020-06-10,2,730,好地至快地,第四班,1800,60-40,朗德讓賽,"HK$ 967,000",草地,B,,13.84,22.96,24.51,24.06,24.08,
25730,2020-06-10,3,731,好地至快地,第五班,1650,40-0,西谷讓賽,"HK$ 725,000",草地,B,,,27.38,24.07,24.79,24.32,
25731,2020-06-10,4,732,好地至快地,第三班,1000,80-60,對衡讓賽,"HK$ 1,450,000",草地,B,,,,12.53,21.08,23.19,
25732,2020-06-10,5,733,好地至快地,第四班,1200,60-40,聯福讓賽,"HK$ 967,000",草地,B,,,,23.6,22.82,23.81,
25733,2020-06-10,6,734,好地至快地,第四班,1200,60-40,聯福讓賽,"HK$ 967,000",草地,B,,,,23.17,22.79,23.58,
25734,2020-06-10,7,735,好地至快地,第三班,1650,80-60,蘭開夏讓賽,"HK$ 1,450,000",草地,B,,,28.16,24.93,23.57,23.42,
25735,2020-06-10,8,736,好地至快地,第三班,1200,80-60,禧福讓賽,"HK$ 1,450,000",草地,B,,,,23.28,22.78,23.36,
25736,2020-06-10,9,737,好地至快地,第二班,1000,100-80,安域讓賽,"HK$ 2,100,000",草地,B,,,,12.39,21.22,23.23,
25737,2020-06-14,1,738,好地,新馬賽,1000,,主席賽馬日平磅賽,"HK$ 850,000",草地,C+3,,,,13.54,20.75,22.28,
25738,2020-06-14,2,739,好地,第五班,1400,40-0,雷里讓賽,"HK$ 725,000",草地,C+3,,,13.6,21.34,23.37,23.52,
25739,2020-06-14,3,740,好地,第四班,1000,60-40,麥蘊利盃（讓賽）,"HK$ 967,000",草地,C+3,,,,13.12,20.31,21.77,
25740,2020-06-14,4,741,好地至快地,第二班,1600,100-80,蒲偉士碟（讓賽）,"HK$ 2,100,000",草地,C+3,,,24.52,22.2,23,23.3,
25741,2020-06-14,5,742,好地至快地,第四班,1400,60-40,施偉賢盃（讓賽）,"HK$ 967,000",草地,C+3,,,13.35,21.86,23.07,23.12,
25742,2020-06-14,6,743,濕慢地,第四班,1200,60-40,黃頌顯盃（讓賽）,"HK$ 967,000",全天候跑道,,,,,23.25,22.23,23.57,
25743,2020-06-14,7,744,好地至快地,第三班,1800,80-60,李福深盃（讓賽）,"HK$ 1,450,000",草地,C+3,,13.71,22.42,24.56,23.68,22.87,
25744,2020-06-14,8,745,濕慢地,第二班,1200,100-80,夏佳理錦標（讓賽）,"HK$ 2,100,000",全天候跑道,,,,,23.15,21.86,22.86,
25745,2020-06-14,9,746,好地至快地,第四班,1400,60-40,陳祖澤錦標（讓賽）,"HK$ 967,000",草地,C+3,,,13.51,21.47,23.15,23.47,
25746,2020-06-14,10,747,濕慢地,第三班,1200,80-60,施文信盃（讓賽）,"HK$ 1,450,000",全天候跑道,,,,,22.82,21.92,23.26,
25747,2020-06-14,11,748,好地至快地,第三班,1200,80-60,葉錫安瓶（讓賽）,"HK$ 1,450,000",草地,C+3,,,,23.96,22.43,22.88,
25748,2020-06-21,1,749,好地至快地,第五班,1000,40-0,碧璽讓賽,"HK$ 725,000",草地,A,,,,13.03,20.03,22.58,
25749,2020-06-21,2,750,好地至快地,第四班,1200,60-40,石榴石讓賽,"HK$ 967,000",草地,A,,,,23.51,21.72,23.75,
25750,2020-06-21,3,751,好地至快地,國際三級賽,1400,,精英盃（讓賽）,"HK$ 3,250,000",草地,A,,,13.6,22.59,22.17,22.53,
25751,2020-06-21,4,752,好地至快地,第四班,1200,60-40,石榴石讓賽,"HK$ 967,000",草地,A,,,,23.76,22.62,22.79,
25752,2020-06-21,5,753,好地至快地,第四班,1200,60-40,石榴石讓賽,"HK$ 967,000",草地,A,,,,23.99,22.5,22.39,
25753,2020-06-21,6,754,好地至快地,第四班,2000,60-40,蛋白石讓賽,"HK$ 967,000",草地,A,,25.27,24.06,24.45,24.23,23.98,
25754,2020-06-21,7,755,好地至快地,第四班,1600,60-40,青金石讓賽,"HK$ 967,000",草地,A,,,24.4,23.37,23.96,23.12,
25755,2020-06-21,8,756,好地至快地,國際三級賽,1800,,精英碟（讓賽）,"HK$ 3,250,000",草地,A,,14.09,22.84,23.67,23.14,22.1,
25756,2020-06-21,9,757,好地至快地,第三班,1400,80-60,紫翠玉讓賽,"HK$ 1,450,000",草地,A,,,13.2,21.61,23.34,22.95,
25757,2020-06-21,10,758,好地至快地,第三班,1400,80-60,紫翠玉讓賽,"HK$ 1,450,000",草地,A,,,13.37,21.72,23.14,23.1,
25758,2020-06-21,11,759,好地至快地,第三班,1200,80-60,海藍寶讓賽,"HK$ 1,450,000",草地,A,,,,23.6,22.34,22.85,
25759,2020-06-24,1,760,好地至快地,第四班,1200,60-40,紫羅蘭山讓賽,"HK$ 967,000",草地,C,,,,23.73,22.51,23.11,
25760,2020-06-24,2,761,好地至快地,第四班,1200,60-40,紫羅蘭山讓賽,"HK$ 967,000",草地,C,,,,23.7,23.12,23.19,
25761,2020-06-24,3,762,好地至快地,第四班,1650,60-40,黃泥涌峽讓賽,"HK$ 967,000",草地,C,,,27.92,23.71,24.02,23.54,
25762,2020-06-24,4,763,好地至快地,第四班,1650,60-40,黃泥涌峽讓賽,"HK$ 967,000",草地,C,,,27.68,24.04,24.48,23.9,
25763,2020-06-24,5,764,好地至快地,第四班,1000,60-40,壽臣山讓賽,"HK$ 967,000",草地,C,,,,12.61,21.7,22.66,
25764,2020-06-24,6,765,好地至快地,第三班,1200,80-60,歌賦山讓賽,"HK$ 1,450,000",草地,C,,,,23.34,22.54,22.84,
25765,2020-06-24,7,766,好地至快地,第二班,1650,100-80,金馬倫山讓賽,"HK$ 2,100,000",草地,C,,,28.02,24.1,23.84,23.06,
25766,2020-06-24,8,767,好地至快地,第三班,1650,80-60,聶高信山讓賽,"HK$ 1,450,000",草地,C,,,28.56,23.6,24.32,22.91,
25767,2020-06-24,9,768,好地至快地,第二班,1200,100-80,馬己仙峽讓賽,"HK$ 2,100,000",草地,C,,,,23.21,22.56,23.34,
25768,2020-06-27,1,769,好地,第五班,1650,40-0,橫瀾島讓賽,"HK$ 725,000",全天候跑道,,,,27.89,23.53,24.45,24.32,
25769,2020-06-27,2,770,好地至快地,第四班,1200,60-40,坪洲讓賽,"HK$ 967,000",草地,B,,,,23.62,22.2,22.63,
25770,2020-06-27,3,771,好地至快地,第四班,1200,60-40,坪洲讓賽,"HK$ 967,000",草地,B,,,,23.4,22.45,22.92,
25771,2020-06-27,4,772,好地至快地,第三班,1200,80-60,長洲讓賽,"HK$ 1,450,000",草地,B,,,,23.6,22.04,22.67,
25772,2020-06-27,5,773,好地,第四班,1650,60-40,東龍洲讓賽,"HK$ 967,000",全天候跑道,,,,27.77,23.51,24.48,24.11,
25773,2020-06-27,6,774,好地至快地,第四班,1400,60-40,蒲台讓賽,"HK$ 967,000",草地,B,,,13.38,21.76,22.87,22.95,
25774,2020-06-27,7,775,好地至快地,第三班,2000,80-60,吉澳洲讓賽,"HK$ 1,450,000",草地,B,,26.05,25.51,25.21,23.12,22,
25775,2020-06-27,8,776,好地,第三班,1650,85-60,塔門讓賽,"HK$ 1,450,000",全天候跑道,,,,28.35,23.95,23.31,23.09,
25776,2020-06-27,9,777,好地至快地,第三班,1400,80-60,南丫島讓賽,"HK$ 1,450,000",草地,B,,,13.42,21.61,22.81,23.12,
25777,2020-06-27,10,778,好地至快地,第二班,1400,100-80,大嶼山讓賽,"HK$ 2,100,000",草地,B,,,13.21,21.31,22.64,23.53,
25778,2020-07-01,1,779,濕慢地,第五班,1200,40-0,馬照跑1200米讓賽,"HK$ 725,000",全天候跑道,,,,23.38,22.37,24.02,23.53,
25779,2020-07-01,2,780,好地,第五班,1400,40-0,卓越領導1400米讓賽,"HK$ 725,000",草地,C,,,13.4,21.31,23.46,23.91,
25780,2020-07-01,3,781,好地至快地,第四班,1400,60-40,堅守誠信1400米讓賽,"HK$ 967,000",草地,C,,,13.59,21.42,23.25,23.19,
25781,2020-07-01,4,782,好地至快地,第四班,1800,60-40,服務社群1800米讓賽,"HK$ 967,000",草地,C,,13.82,21.95,24.26,24.1,23.81,
25782,2020-07-01,5,783,好地至快地,第四班,1200,60-40,持續進步1200米讓賽,"HK$ 967,000",草地,C,,,,23.84,22.14,23.31,
25783,2020-07-01,6,784,好地,第四班,1200,60-40,同心同步同進1200米讓賽,"HK$ 967,000",全天候跑道,,,,,23.18,22.51,24.2,
25784,2020-07-01,7,785,好地至快地,第三班,1200,80-60,粵港盃（讓賽）,"HK$ 1,450,000",草地,C,,,,23.59,21.81,22.99,
25785,2020-07-01,8,786,好地至快地,第二班,1800,100-80,香港回歸盃（讓賽）,"HK$ 2,100,000",草地,C,,13.9,22.15,23.57,24.04,22.77,
25786,2020-07-01,9,787,好地至快地,第三班,1600,80-60,體育精神1600米讓賽,"HK$ 1,450,000",草地,C,,,24.48,23.35,23.87,22.84,
25787,2020-07-01,10,788,好地至快地,第三班,1000,80-60,更好未來1000米讓賽,"HK$ 1,450,000",草地,C,,,,13,20.33,22.31,
25788,2020-07-05,1,789,好地至快地,新馬賽,1200,,青山灣平磅賽,"HK$ 850,000",草地,C+3,,,,24.85,22.62,22.05,
25789,2020-07-05,2,790,好地至快地,第四班,1200,60-40,沙田海讓賽,"HK$ 967,000",草地,C+3,,,,24.13,22.7,22.82,
25790,2020-07-05,3,791,好地至快地,第五班,2200,40-0,吉澳海讓賽,"HK$ 725,000",草地,C+3,13.76,23.4,24.96,25.74,23.81,23.75,
25791,2020-07-05,4,792,好地至快地,第四班,1000,60-40,藍塘海峽讓賽,"HK$ 967,000",草地,C+3,,,,13.07,20.22,21.78,
25792,2020-07-05,5,793,好地,第四班,1200,60-40,藍巴勒海峽讓賽,"HK$ 967,000",全天候跑道,,,,,23.43,22.54,23.74,
25793,2020-07-05,6,794,好地,第三班,1200,80-60,維多利亞港讓賽,"HK$ 1,450,000",全天候跑道,,,,,24.03,22.64,22.72,
25794,2020-07-05,7,795,好地至快地,第四班,1400,60-40,牛尾海讓賽,"HK$ 967,000",草地,C+3,,,13.49,21.48,23.21,22.62,
25795,2020-07-05,8,796,好地,第三班,1200,80-60,維多利亞港讓賽,"HK$ 1,450,000",全天候跑道,,,,,23.49,22.21,23.28,
25796,2020-07-05,9,797,好地至快地,第四班,1600,60-40,大鵬灣讓賽,"HK$ 967,000",草地,C+3,,,24.32,22.4,23.82,23.52,
25797,2020-07-05,10,798,好地至快地,第三班,1400,80-60,吐露港讓賽,"HK$ 1,450,000",草地,C+3,,,13.37,21.17,23.09,23.71,
25798,2020-07-05,11,799,好地至快地,第二班,1200,100-80,印洲塘讓賽,"HK$ 2,100,000",草地,C+3,,,,23.48,22.43,22.41,
25799,2020-07-08,1,800,好地,第五班,1650,40-0,薄扶林讓賽,"HK$ 725,000",草地,A,,,27.63,24.1,24.56,23.91,
25800,2020-07-08,2,801,好地,第四班,1200,60-40,旭龢讓賽,"HK$ 967,000",草地,A,,,,23.95,22.93,23.16,
25801,2020-07-08,3,802,好地,第四班,1200,60-40,旭龢讓賽,"HK$ 967,000",草地,A,,,,23.4,22.37,24.34,
25802,2020-07-08,4,803,好地,第五班,1200,40-0,寶珊讓賽,"HK$ 725,000",草地,A,,,,23.87,23.1,23.79,
25803,2020-07-08,5,804,好地,第四班,1000,60-40,克頓讓賽,"HK$ 967,000",草地,A,,,,12.56,21.48,23.04,
25804,2020-07-08,6,805,好地,第四班,1650,60-40,列堤頓讓賽,"HK$ 967,000",草地,A,,,27.82,24.56,24.2,23.49,
25805,2020-07-08,7,806,好地,第三班,1200,80-60,卑利士讓賽,"HK$ 1,450,000",草地,A,,,,23.15,22.93,23.42,
25806,2020-07-08,8,807,好地,第三班,1000,80-60,巴丙頓讓賽,"HK$ 1,450,000",草地,A,,,,12.67,21.31,22.88,
25807,2020-07-08,9,808,好地,第三班,1800,80-60,干德讓賽,"HK$ 1,450,000",草地,A,,13.46,22.26,24.43,25.32,23.73,
25808,2020-07-12,1,809,好地至快地,第五班,1400,40-0,無敵王者讓賽,"HK$ 725,000",草地,A,,,13.18,21.81,23.37,23.64,
25809,2020-07-12,2,810,好地至快地,第四班,1200,60-40,勝利名星讓賽,"HK$ 967,000",草地,,,,,23.73,22.54,22.97,
25810,2020-07-12,3,811,好地至快地,第四班,1400,60-40,隨心隨意讓賽,"HK$ 967,000",草地,,,,13.43,22.15,23.38,22.78,
25811,2020-07-12,4,812,好地至快地,第一班,1600,115-90,沙田一哩錦標（讓賽）,"HK$ 2,800,000",草地,,,,25.34,23.34,23.43,22.17,
25812,2020-07-12,5,813,好地至快地,第四班,1800,60-40,太陽喜喜讓賽,"HK$ 967,000",草地,,,13.93,22.28,23.46,24.34,23.45,
25813,2020-07-12,6,814,好地至快地,第四班,1200,60-40,叻先生讓賽,"HK$ 967,000",草地,,,,,23.38,22.67,22.71,
25814,2020-07-12,7,815,好地至快地,第四班,1400,60-40,大有利讓賽,"HK$ 967,000",草地,,,,13.48,21.42,23.14,23.06,
25815,2020-07-12,8,816,好地至快地,第三班,1600,80-60,詠彩繽紛讓賽,"HK$ 1,450,000",草地,,,,24.4,22.53,23.14,23.2,
25816,2020-07-12,9,817,好地至快地,第二班,1400,105-80,香港馬主協會錦標（讓賽）,"HK$ 2,100,000",草地,,,,13.32,21.82,22.81,22.83,
25817,2020-07-12,10,818,好地至快地,第三班,1400,80-60,平湖之星讓賽,"HK$ 1,450,000",草地,,,,13.2,22.53,23.63,22.14,
25818,2020-07-12,11,819,好地至快地,第三班,1200,80-60,盈彩繽紛讓賽,"HK$ 1,450,000",草地,C,,,,23.49,22.62,22.82,
25819,2020-07-15,1,820,好地至快地,第五班,1800,40-0,源遠讓賽,"HK$ 725,000",草地,C,,13.53,22.62,24.66,25.19,23.79,
25820,2020-07-15,2,821,好地至快地,第五班,1000,40-0,晋源讓賽,"HK$ 725,000",草地,C,,,,12.71,21.48,23.08,
25821,2020-07-15,3,822,好地至快地,第四班,1200,60-40,集祥讓賽,"HK$ 967,000",草地,,,,,23.48,22.9,23.26,
25822,2020-07-15,4,823,好地至快地,第四班,1650,60-40,載德讓賽,"HK$ 967,000",草地,,,,27.18,23.07,24.59,24.36,
25823,2020-07-15,5,824,好地至快地,第四班,1200,60-40,集祥讓賽,"HK$ 967,000",草地,C,,,,23.78,22.59,23.6,
25824,2020-07-15,6,825,好地至快地,第三班,1200,80-60,綿發讓賽,"HK$ 1,450,000",草地,C,,,,23.4,22.65,23.22,
25825,2020-07-15,7,826,好地至快地,第三班,1650,80-60,昇平讓賽,"HK$ 1,450,000",草地,C,,,28.59,24.98,23.48,23.07,
25826,2020-07-15,8,827,好地至快地,第二班,1650,100-80,荷塘讓賽,"HK$ 2,100,000",草地,C,,,28,23.65,23.79,23.14,
25827,2020-07-15,9,828,好地至快地,第二班,1200,105-80,昌明讓賽,"HK$ 2,100,000",草地,C,,,,23.14,21.73,23.69,
